{
  "threshold": 0.36000000000000004,
  "accuracy": 0.8583333333333333,
  "precision_pos": 0.8055555555555556,
  "recall_pos": 0.87,
  "f1_pos": 0.8365384615384616,
  "macro_f1": 0.8557692307692308,
  "pr_auc": 0.8979866959377723,
  "roc_auc": 0.9237142857142857,
  "confusion_matrix": [
    [
      119,
      21
    ],
    [
      13,
      87
    ]
  ],
  "best_threshold": 0.36000000000000004
}