{
  "threshold": 0.33,
  "accuracy": 0.8541666666666666,
  "precision_pos": 0.7927927927927928,
  "recall_pos": 0.88,
  "f1_pos": 0.8341232227488151,
  "macro_f1": 0.8520058492926232,
  "pr_auc": 0.8943250537622424,
  "roc_auc": 0.9210714285714285,
  "confusion_matrix": [
    [
      117,
      23
    ],
    [
      12,
      88
    ]
  ],
  "best_threshold": 0.33
}