{
  "threshold": 0.33,
  "accuracy": 0.8625,
  "precision_pos": 0.7964601769911505,
  "recall_pos": 0.9,
  "f1_pos": 0.8450704225352113,
  "macro_f1": 0.8607374584586169,
  "pr_auc": 0.897218849206975,
  "roc_auc": 0.9235000000000001,
  "confusion_matrix": [
    [
      117,
      23
    ],
    [
      10,
      90
    ]
  ],
  "best_threshold": 0.33
}