{
  "text_weight": 1.2849417375455403,
  "image_weight": 0.9790233510168087,
  "intercept": -0.40552385181588113,
  "interpretation": "Text: 1.285, Image: 0.979"
}