{
  "text_weight": 1.2180403232848194,
  "image_weight": 1.199660032901896,
  "intercept": -0.43854482483083984,
  "interpretation": "Text: 1.218, Image: 1.200"
}