{
  "text_weight": 1.2611710120994402,
  "image_weight": 1.1113296240844013,
  "intercept": -0.4247045569917553,
  "interpretation": "Text: 1.261, Image: 1.111"
}