{
  "accuracy_mean": 0.8156497175141244,
  "accuracy_std": 0.03055739956538827,
  "precision_pos_mean": 0.8352200259321002,
  "precision_pos_std": 0.04173760145095398,
  "recall_pos_mean": 0.704,
  "recall_pos_std": 0.11199999999999999,
  "f1_pos_mean": 0.7574697532289871,
  "f1_pos_std": 0.057432108288382744,
  "macro_f1_mean": 0.8037778226707939,
  "macro_f1_std": 0.03720161528961302,
  "pr_auc_mean": 0.8867288629962105,
  "pr_auc_std": 0.033158897436317454,
  "roc_auc_mean": 0.899946218487395,
  "roc_auc_std": 0.025665705524725305
}