{
  "accuracy_mean": 0.7989265536723165,
  "accuracy_std": 0.0424513021966217,
  "precision_pos_mean": 0.8045812807881774,
  "precision_pos_std": 0.05832632508118218,
  "recall_pos_mean": 0.6960000000000001,
  "recall_pos_std": 0.13047605144240074,
  "f1_pos_mean": 0.7377741628052187,
  "f1_pos_std": 0.07409942090694786,
  "macro_f1_mean": 0.7864303148534516,
  "macro_f1_std": 0.04986902464745277,
  "pr_auc_mean": 0.8848399103991053,
  "pr_auc_std": 0.03672003170187362,
  "roc_auc_mean": 0.896510924369748,
  "roc_auc_std": 0.0313136723242384
}