{
  "accuracy_mean": 0.8022598870056499,
  "accuracy_std": 0.04048565652874883,
  "precision_pos_mean": 0.8087939958592132,
  "precision_pos_std": 0.04703221198364588,
  "recall_pos_mean": 0.6960000000000001,
  "recall_pos_std": 0.11482160075525857,
  "f1_pos_mean": 0.7422280468908053,
  "f1_pos_std": 0.07050005894187088,
  "macro_f1_mean": 0.7901894477360167,
  "macro_f1_std": 0.04788829129019921,
  "pr_auc_mean": 0.8853441195008772,
  "pr_auc_std": 0.03852881798412975,
  "roc_auc_mean": 0.9015327731092435,
  "roc_auc_std": 0.03103065112480845
}