{
  "accuracy_mean": 0.8088700564971752,
  "accuracy_std": 0.028171420023231256,
  "precision_pos_mean": 0.8242817187897279,
  "precision_pos_std": 0.041044684945635034,
  "recall_pos_mean": 0.696,
  "recall_pos_std": 0.0932952303175248,
  "f1_pos_mean": 0.7503157695018159,
  "f1_pos_std": 0.05092596714966395,
  "macro_f1_mean": 0.7972585910621406,
  "macro_f1_std": 0.03363673291635741,
  "pr_auc_mean": 0.8844158299202732,
  "pr_auc_std": 0.029017994680305054,
  "roc_auc_mean": 0.8944941176470589,
  "roc_auc_std": 0.026429372955474647
}