,precision,recall,f1-score,support
0,0.9761904761904762,0.47674418604651164,0.640625,86.0
1,0.5871559633027523,0.9846153846153847,0.735632183908046,65.0
accuracy,0.695364238410596,0.695364238410596,0.695364238410596,0.695364238410596
macro avg,0.7816732197466143,0.7306797853309481,0.688128591954023,151.0
weighted avg,0.8087252885235752,0.695364238410596,0.6815221321458477,151.0
