{
  "file": "soft_voting_inference",
  "total_inference": 151,
  "matched": 151,
  "unmatched_inference": 0,
  "missing_manual": 0,
  "accuracy": 0.695364238410596,
  "precision": 0.5871559633027523,
  "recall": 0.9846153846153847,
  "f1": 0.735632183908046,
  "roc_auc": 0.798747763864043,
  "average_precision": 0.6764395353713956
}