{
  "threshold": 0.56,
  "accuracy": 0.8541666666666666,
  "precision_pos": 0.8282828282828283,
  "recall_pos": 0.82,
  "f1_pos": 0.8241206030150754,
  "macro_f1": 0.8497827214363634,
  "pr_auc": 0.8955450547599689,
  "roc_auc": 0.9165,
  "confusion_matrix": [
    [
      123,
      17
    ],
    [
      18,
      82
    ]
  ],
  "best_threshold": 0.56
}