{
  "accuracy_mean": 0.7818079096045197,
  "accuracy_std": 0.06555659157236576,
  "precision_pos_mean": 0.7237472383352916,
  "precision_pos_std": 0.09730051033492045,
  "recall_pos_mean": 0.808,
  "recall_pos_std": 0.046647615158762396,
  "f1_pos_mean": 0.7597167966998475,
  "f1_pos_std": 0.05887221460075378,
  "macro_f1_mean": 0.7790408707739216,
  "macro_f1_std": 0.06397779064306283,
  "pr_auc_mean": 0.8770728434680073,
  "pr_auc_std": 0.04744067763967244,
  "roc_auc_mean": 0.8892168067226891,
  "roc_auc_std": 0.037668663668666995
}