{
  "file": "early_fusion_inference",
  "total_inference": 110,
  "matched": 110,
  "unmatched_inference": 0,
  "missing_manual": 0,
  "accuracy": 0.7818181818181819,
  "precision": 0.65625,
  "recall": 0.9545454545454546,
  "f1": 0.7777777777777778,
  "roc_auc": 0.9321625344352618,
  "average_precision": 0.8894687188115054
}