{
  "file": "early_fusion_inference",
  "total_inference": 110,
  "matched": 110,
  "unmatched_inference": 0,
  "missing_manual": 0,
  "accuracy": 0.8545454545454545,
  "precision": 0.78,
  "recall": 0.8863636363636364,
  "f1": 0.8297872340425532,
  "roc_auc": 0.9380165289256198,
  "average_precision": 0.8704362375302961
}