,precision,recall,f1-score,support
0,0.9166666666666666,0.8333333333333334,0.873015873015873,66.0
1,0.78,0.8863636363636364,0.8297872340425532,44.0
accuracy,0.8545454545454545,0.8545454545454545,0.8545454545454545,0.8545454545454545
macro avg,0.8483333333333334,0.8598484848484849,0.8514015535292131,110.0
weighted avg,0.862,0.8545454545454545,0.855724417426545,110.0
