,precision,recall,f1-score,support
0,0.9565217391304348,0.6666666666666666,0.7857142857142857,66.0
1,0.65625,0.9545454545454546,0.7777777777777778,44.0
accuracy,0.7818181818181819,0.7818181818181819,0.7818181818181819,0.7818181818181819
macro avg,0.8063858695652174,0.8106060606060606,0.7817460317460317,110.0
weighted avg,0.8364130434782608,0.7818181818181819,0.7825396825396825,110.0
