{
  "accuracy_mean": 0.8122598870056497,
  "accuracy_std": 0.025553092098922526,
  "precision_pos_mean": 0.8409829059829059,
  "precision_pos_std": 0.035492321317791876,
  "recall_pos_mean": 0.6880000000000001,
  "recall_pos_std": 0.11142710621747295,
  "f1_pos_mean": 0.7496633412298556,
  "f1_pos_std": 0.05509371371464638,
  "macro_f1_mean": 0.7990684250697283,
  "macro_f1_std": 0.033519223697889275,
  "pr_auc_mean": 0.8860954389001776,
  "pr_auc_std": 0.033275988216131085,
  "roc_auc_mean": 0.899489075630252,
  "roc_auc_std": 0.025762274329284858
}