{
  "threshold": 0.38000000000000006,
  "accuracy": 0.7718120805369127,
  "precision_pos": 0.7050359712230215,
  "recall_pos": 0.784,
  "f1_pos": 0.7424242424242424,
  "macro_f1": 0.7688024826579043,
  "pr_auc": 0.7499645270783724,
  "roc_auc": 0.8261734104046243,
  "confusion_matrix": [
    [
      132,
      41
    ],
    [
      27,
      98
    ]
  ],
  "best_threshold": 0.38000000000000006
}