{
  "accuracy_mean": 0.741864406779661,
  "accuracy_std": 0.04295435305929581,
  "precision_pos_mean": 0.7166875048262529,
  "precision_pos_std": 0.045700675066600326,
  "recall_pos_mean": 0.632,
  "recall_pos_std": 0.12496399481450647,
  "f1_pos_mean": 0.6663529929487376,
  "f1_pos_std": 0.0824118377080658,
  "macro_f1_mean": 0.7269170369060592,
  "macro_f1_std": 0.053014318676531,
  "pr_auc_mean": 0.7666776481875495,
  "pr_auc_std": 0.047253795110835564,
  "roc_auc_mean": 0.8288605042016807,
  "roc_auc_std": 0.032967258410575594
}