{
  "threshold": 0.3,
  "accuracy": 0.6708333333333333,
  "precision_pos": 0.5695364238410596,
  "recall_pos": 0.86,
  "f1_pos": 0.6852589641434262,
  "macro_f1": 0.6701403991022807,
  "pr_auc": 0.6640278138522477,
  "roc_auc": 0.7417142857142857,
  "confusion_matrix": [
    [
      75,
      65
    ],
    [
      14,
      86
    ]
  ],
  "best_threshold": 0.3
}