{
  "importance_gain": [
    364.2735800264054,
    134.72282018885016,
    110.9362557977438,
    20.412060856819153,
    0.0,
    0.0,
    0.0,
    0.0,
    0.0,
    0.0,
    0.0,
    0.0,
    0.0,
    0.0,
    0.0,
    15.496410131454468
  ],
  "selected_original_indices": [
    0,
    1,
    2,
    3,
    4,
    5,
    6,
    7,
    8,
    9,
    10,
    11,
    12,
    13,
    14,
    15
  ]
}