{
  "accuracy_mean": 0.647909604519774,
  "accuracy_std": 0.03574561582069314,
  "precision_pos_mean": 0.5961462450592886,
  "precision_pos_std": 0.05233573240686356,
  "recall_pos_mean": 0.504,
  "recall_pos_std": 0.06974238309665078,
  "f1_pos_mean": 0.5438375713544369,
  "f1_pos_std": 0.05557926768323072,
  "macro_f1_mean": 0.6280214754532365,
  "macro_f1_std": 0.03905478473858073,
  "pr_auc_mean": 0.6580490416938279,
  "pr_auc_std": 0.06382438476964909,
  "roc_auc_mean": 0.7219025210084034,
  "roc_auc_std": 0.045530305012470886
}