{
  "threshold": 0.4100000000000001,
  "accuracy": 0.8041666666666667,
  "precision_pos": 0.7731958762886598,
  "recall_pos": 0.75,
  "f1_pos": 0.7614213197969543,
  "macro_f1": 0.7976717906405266,
  "pr_auc": 0.8138751762701506,
  "roc_auc": 0.8498571428571429,
  "confusion_matrix": [
    [
      118,
      22
    ],
    [
      25,
      75
    ]
  ],
  "best_threshold": 0.4100000000000001
}