{
  "threshold": 0.29000000000000004,
  "accuracy": 0.7708333333333334,
  "precision_pos": 0.6829268292682927,
  "recall_pos": 0.84,
  "f1_pos": 0.7533632286995515,
  "macro_f1": 0.769677723299192,
  "pr_auc": 0.7767975020796222,
  "roc_auc": 0.8317142857142856,
  "confusion_matrix": [
    [
      101,
      39
    ],
    [
      16,
      84
    ]
  ],
  "best_threshold": 0.29000000000000004
}