{
  "threshold": 0.35000000000000003,
  "accuracy": 0.7833333333333333,
  "precision_pos": 0.7033898305084746,
  "recall_pos": 0.83,
  "f1_pos": 0.7614678899082569,
  "macro_f1": 0.7814973037327544,
  "pr_auc": 0.8028858025764756,
  "roc_auc": 0.8474285714285714,
  "confusion_matrix": [
    [
      105,
      35
    ],
    [
      17,
      83
    ]
  ],
  "best_threshold": 0.35000000000000003
}