{
  "importance_gain": [
    107.02650954620913,
    94.24041137099266,
    22.27749401330948,
    14.63687002658844,
    32.10642796754837,
    36.37733691930771,
    17.973659574985504,
    15.508226037025452,
    7.475424036383629,
    2.9456760585308075,
    18.18506421893835,
    42.442094564437866,
    64.33099222183228,
    24.441903829574585,
    40.57869699597359,
    43.41656851768494,
    136.57531434297562,
    15.715219736099243,
    46.35305531322956,
    50.21139878034592,
    33.07396797835827,
    24.37922978401184,
    11.212238848209381,
    86.7480660378933,
    18.798665791749954,
    8.111431121826172,
    64.99555802345276,
    54.989032328128815,
    20.640523724257946,
    27.482301712036133,
    9.439218968153,
    44.93881023535505,
    21.333849493414164,
    14.13023465871811,
    28.751625657081604,
    13.68829508125782,
    54.80138063430786,
    0.0,
    93.57266834378242,
    23.257043607532978,
    22.483578264713287,
    22.210587114095688,
    57.35985594987869,
    13.517944067716599,
    137.75628232955933,
    6.397292196750641,
    29.167688842862844,
    224.61389923095703,
    3.5780900716781616,
    29.135039806365967
  ],
  "selected_original_indices": [
    59,
    117,
    124,
    135,
    149,
    190,
    208,
    212,
    278,
    288,
    291,
    300,
    469,
    495,
    505,
    510,
    514,
    532,
    544,
    553,
    556,
    562,
    568,
    586,
    591,
    600,
    625,
    711,
    718,
    827,
    885,
    895,
    958,
    1046,
    1056,
    1223,
    1277,
    1312,
    1336,
    1393,
    1485,
    1486,
    1536,
    1537,
    1538,
    1539,
    1540,
    1541,
    1542,
    1545
  ]
}