{
  "importance_gain": [
    7.696146935224533,
    44.96612620353699,
    19.88465315103531,
    11.54025387763977,
    13.068327069282532,
    83.4079658985138,
    66.05124285630882,
    5.264592885971069,
    13.805361922830343,
    96.87928804755211,
    23.359600067138672,
    34.527916103601456,
    16.860383346676826,
    12.913579821586609,
    50.963109850883484,
    11.850287020206451,
    69.4906142950058,
    48.61328959465027,
    4.047096073627472,
    27.857050985097885,
    65.59357722103596,
    12.570984929800034,
    3.222830057144165,
    39.57167047262192,
    25.822208993136883,
    63.396683037281036,
    56.298920346423984,
    9.86226400732994,
    2.3443899154663086,
    10.501239895820618,
    28.123993212357163,
    1.0302300453186035,
    14.797240853309631,
    0.12235900014638901,
    6.150276929140091,
    29.25551226735115,
    54.170018911361694,
    114.21039140224457,
    8.704255908727646,
    33.54440778493881,
    13.024638831615448,
    6.500908941030502,
    32.08116054534912,
    2.9220370650291443,
    20.720115035772324,
    19.74569021165371,
    18.407730281352997,
    116.4536062180996,
    192.36417365074158,
    18.39607200026512
  ],
  "selected_original_indices": [
    25,
    59,
    60,
    78,
    117,
    149,
    176,
    190,
    208,
    211,
    223,
    237,
    278,
    291,
    352,
    455,
    469,
    498,
    505,
    510,
    514,
    532,
    544,
    553,
    562,
    568,
    586,
    591,
    600,
    625,
    711,
    716,
    718,
    917,
    958,
    985,
    1034,
    1223,
    1277,
    1278,
    1300,
    1312,
    1336,
    1354,
    1368,
    1393,
    1486,
    1538,
    1539,
    1545
  ]
}