{
  "accuracy_mean": 0.7284745762711865,
  "accuracy_std": 0.059882048616932713,
  "precision_pos_mean": 0.7337440191387561,
  "precision_pos_std": 0.10174281699668533,
  "recall_pos_mean": 0.56,
  "recall_pos_std": 0.0758946638440411,
  "f1_pos_mean": 0.6335045315636909,
  "f1_pos_std": 0.07994553039489216,
  "macro_f1_mean": 0.708702648984483,
  "macro_f1_std": 0.06349939125048165,
  "pr_auc_mean": 0.7720126078809104,
  "pr_auc_std": 0.062357276229039554,
  "roc_auc_mean": 0.7927865546218487,
  "roc_auc_std": 0.06730113412996631
}