{
  "accuracy_mean": 0.738361581920904,
  "accuracy_std": 0.05031878331870301,
  "precision_pos_mean": 0.723652638921181,
  "precision_pos_std": 0.06346182676284674,
  "recall_pos_mean": 0.608,
  "recall_pos_std": 0.08908422980528034,
  "f1_pos_mean": 0.658691320499831,
  "f1_pos_std": 0.07249905657753987,
  "macro_f1_mean": 0.7230098347360079,
  "macro_f1_std": 0.054918666730474915,
  "pr_auc_mean": 0.7550641381839232,
  "pr_auc_std": 0.08362794956060123,
  "roc_auc_mean": 0.7979495798319327,
  "roc_auc_std": 0.05739390823012341
}