{
  "accuracy_mean": 0.7419209039548023,
  "accuracy_std": 0.05755856119137175,
  "precision_pos_mean": 0.7413526570048309,
  "precision_pos_std": 0.07675367417008609,
  "recall_pos_mean": 0.592,
  "recall_pos_std": 0.10552724766618335,
  "f1_pos_mean": 0.6544169553026554,
  "f1_pos_std": 0.08746524395302159,
  "macro_f1_mean": 0.7236673617153633,
  "macro_f1_std": 0.06426378442755952,
  "pr_auc_mean": 0.7758490209221868,
  "pr_auc_std": 0.07014473460010477,
  "roc_auc_mean": 0.8250151260504202,
  "roc_auc_std": 0.06004538038575913
}