{
  "accuracy_mean": 0.7351412429378532,
  "accuracy_std": 0.03720183473149301,
  "precision_pos_mean": 0.6962308549150654,
  "precision_pos_std": 0.042497764826961916,
  "recall_pos_mean": 0.656,
  "recall_pos_std": 0.103072789813801,
  "f1_pos_mean": 0.6714085315702566,
  "f1_pos_std": 0.061308768291503876,
  "macro_f1_mean": 0.7239656629004914,
  "macro_f1_std": 0.04172591591345739,
  "pr_auc_mean": 0.7682335495617042,
  "pr_auc_std": 0.04166847887273057,
  "roc_auc_mean": 0.8203764705882353,
  "roc_auc_std": 0.031213369362298106
}