{
  "threshold": 0.5400000000000003,
  "accuracy": 0.8120805369127517,
  "precision_pos": 0.8631578947368421,
  "recall_pos": 0.656,
  "f1_pos": 0.7454545454545455,
  "macro_f1": 0.7982591876208898,
  "pr_auc": 0.8667421683994765,
  "roc_auc": 0.868578034682081,
  "confusion_matrix": [
    [
      160,
      13
    ],
    [
      43,
      82
    ]
  ],
  "best_threshold": 0.5400000000000003
}