{
  "importance_gain": [
    18.378475159406662,
    1.527781993150711,
    9.473151503130794,
    3.411735293455422,
    9.146899871528149,
    84.69452267792076,
    2.038490056991577,
    12.9984320551157,
    6.164574950933456,
    46.427452854812145,
    33.19532299786806,
    1.3579280972480774,
    22.26073956489563,
    18.244949381798506,
    29.050063956528902,
    83.19088317081332,
    64.72985790669918,
    56.63441203534603,
    7.104386828839779,
    37.87389122694731,
    15.49571818113327,
    13.697962377220392,
    24.835733272135258,
    1.433477908372879,
    4.124463997781277,
    7.512421935796738,
    38.46028891205788,
    51.46480765379965,
    0.0,
    3.965853437781334,
    36.61288087069988,
    9.739549919962883,
    16.20250103250146,
    17.408350721001625,
    15.481333009898663,
    31.328203639015555,
    75.11051570810378,
    26.6160213239491,
    21.631926238536835,
    25.704743571579456,
    7.333984829485416,
    1.7481739819049835,
    21.007587030529976,
    16.88978511095047,
    43.28027465939522,
    14.199742031283677,
    13.306523643434048,
    26.282859832048416,
    61.32590559893288,
    5.436055850237608,
    11.915730237960815,
    9.805364515632391,
    79.64387271739542,
    2.0667649507522583,
    30.192792956717312,
    0.38387300074100494,
    7.5571695528924465,
    0.9445800110697746,
    68.97867692261934,
    8.800489902496338,
    1.8675289750099182,
    8.096771271433681,
    1.2722839713096619,
    2.7619400024414062,
    67.7973966896534,
    8.406282670795918,
    55.7502426803112,
    5.240555994212627,
    2.861043930053711,
    11.865457674488425,
    9.484068788588047,
    47.51095122098923,
    9.038282796740532,
    2.891791880130768,
    27.470587208867073,
    19.776284992694855,
    16.593450099229813,
    2.7223598957061768,
    13.938574239611626,
    3.9391189366579056,
    15.125990152359009,
    67.5954624414444,
    89.59561525657773,
    5.7497569769620895,
    16.670739725232124,
    4.7566764540970325,
    8.501725003123283,
    9.97295193374157,
    6.441997051239014,
    113.771678134799,
    49.92695188522339,
    0.0,
    0.0,
    0.7946879863739014,
    1.8529049716889858,
    0.7018600106239319,
    2.4418910145759583,
    529.1602114737034,
    0.0,
    1.9742100238800049
  ],
  "selected_original_indices": [
    28,
    44,
    80,
    87,
    98,
    108,
    120,
    126,
    132,
    157,
    158,
    173,
    176,
    179,
    201,
    231,
    237,
    282,
    289,
    297,
    300,
    304,
    306,
    319,
    329,
    330,
    333,
    336,
    350,
    355,
    365,
    373,
    375,
    378,
    392,
    400,
    409,
    410,
    415,
    425,
    440,
    443,
    449,
    465,
    471,
    487,
    505,
    522,
    530,
    534,
    536,
    585,
    595,
    622,
    623,
    648,
    659,
    660,
    673,
    686,
    690,
    701,
    721,
    724,
    728,
    733,
    790,
    797,
    802,
    807,
    814,
    815,
    823,
    826,
    838,
    849,
    884,
    887,
    896,
    915,
    927,
    930,
    945,
    953,
    968,
    978,
    997,
    1013,
    1017,
    1024,
    1025,
    1026,
    1027,
    1028,
    1029,
    1030,
    1031,
    1036,
    1050,
    1057
  ]
}