{
  "accuracy_mean": 0.7987570621468926,
  "accuracy_std": 0.0379409554873211,
  "precision_pos_mean": 0.8308894572321682,
  "precision_pos_std": 0.051651930258160464,
  "recall_pos_mean": 0.6560000000000001,
  "recall_pos_std": 0.08236504112789601,
  "f1_pos_mean": 0.7300387596899225,
  "f1_pos_std": 0.057279163663487474,
  "macro_f1_mean": 0.7844732592988407,
  "macro_f1_std": 0.04215865097667945,
  "pr_auc_mean": 0.868950583185185,
  "pr_auc_std": 0.03088897980017058,
  "roc_auc_mean": 0.8703663865546218,
  "roc_auc_std": 0.032604775880400415
}