{
  "threshold": 0.4000000000000001,
  "accuracy": 0.8375,
  "precision_pos": 0.8351648351648352,
  "recall_pos": 0.76,
  "f1_pos": 0.7958115183246073,
  "macro_f1": 0.830431710719397,
  "pr_auc": 0.8918403557629716,
  "roc_auc": 0.8967857142857144,
  "confusion_matrix": [
    [
      125,
      15
    ],
    [
      24,
      76
    ]
  ],
  "best_threshold": 0.4000000000000001
}