{
  "threshold": 0.34,
  "accuracy": 0.8375,
  "precision_pos": 0.7904761904761904,
  "recall_pos": 0.83,
  "f1_pos": 0.8097560975609757,
  "macro_f1": 0.8339689578713969,
  "pr_auc": 0.889904663706429,
  "roc_auc": 0.8987142857142858,
  "confusion_matrix": [
    [
      118,
      22
    ],
    [
      17,
      83
    ]
  ],
  "best_threshold": 0.34
}