{
  "accuracy_mean": 0.7986440677966102,
  "accuracy_std": 0.023948005644913235,
  "precision_pos_mean": 0.8330843448490507,
  "precision_pos_std": 0.0676162199946227,
  "recall_pos_mean": 0.6639999999999999,
  "recall_pos_std": 0.06499230723708768,
  "f1_pos_mean": 0.7339048211646796,
  "f1_pos_std": 0.028931485742167973,
  "macro_f1_mean": 0.785297953927883,
  "macro_f1_std": 0.02327728577939908,
  "pr_auc_mean": 0.8670933983244253,
  "pr_auc_std": 0.04070891129322178,
  "roc_auc_mean": 0.8692168067226891,
  "roc_auc_std": 0.04211249554363128
}