{
  "accuracy_mean": 0.7954237288135594,
  "accuracy_std": 0.04097443751108494,
  "precision_pos_mean": 0.8494474153297684,
  "precision_pos_std": 0.06254674123850343,
  "recall_pos_mean": 0.624,
  "recall_pos_std": 0.08236504112789601,
  "f1_pos_mean": 0.7165966871657125,
  "f1_pos_std": 0.06783526651819533,
  "macro_f1_mean": 0.7779560876010092,
  "macro_f1_std": 0.0479210090148538,
  "pr_auc_mean": 0.8560186953718185,
  "pr_auc_std": 0.045244270436809134,
  "roc_auc_mean": 0.854890756302521,
  "roc_auc_std": 0.04075484637440317
}