{
  "threshold": 0.41000000000000003,
  "accuracy": 0.8,
  "precision_pos": 0.7653061224489796,
  "recall_pos": 0.75,
  "f1_pos": 0.7575757575757576,
  "macro_f1": 0.7936814958091554,
  "pr_auc": 0.8443298270088245,
  "roc_auc": 0.8374285714285714,
  "confusion_matrix": [
    [
      117,
      23
    ],
    [
      25,
      75
    ]
  ],
  "best_threshold": 0.41000000000000003
}