{
  "importance_gain": [
    141.89998894929886,
    3.3576310873031616,
    1.2327479720115662,
    0.7070964761078358,
    2.6095630824565887,
    5.957850933074951,
    9.523910164833069,
    23.5240860581398,
    0.0,
    0.0,
    0.0,
    0.0,
    489.60324117541313,
    280.5390615942888,
    161.81407634355128,
    187.56844005384482,
    21.677556842565536,
    157.97754613123834,
    103.66780979186296,
    0.0,
    6.559343874454498,
    29.750325068831444,
    1.018132969737053,
    5.5766430497169495,
    0.0,
    2.834805965423584,
    0.0,
    0.0,
    0.0,
    0.0,
    0.0,
    0.0,
    1.32778000831604,
    9.83495007455349
  ],
  "selected_original_indices": [
    0,
    1,
    2,
    3,
    4,
    5,
    6,
    7,
    8,
    9,
    10,
    11,
    12,
    13,
    14,
    15,
    16,
    17,
    18,
    19,
    20,
    21,
    22,
    23,
    24,
    25,
    26,
    27,
    28,
    29,
    30,
    31,
    32,
    33
  ]
}