{
  "accuracy_mean": 0.7719209039548023,
  "accuracy_std": 0.030254013092165494,
  "precision_pos_mean": 0.7710147695441812,
  "precision_pos_std": 0.02809130674699939,
  "recall_pos_mean": 0.6480000000000001,
  "recall_pos_std": 0.07756287771866126,
  "f1_pos_mean": 0.7020382991309382,
  "f1_pos_std": 0.05319977793183462,
  "macro_f1_mean": 0.7583556942010012,
  "macro_f1_std": 0.03607112008290066,
  "pr_auc_mean": 0.8058967147220798,
  "pr_auc_std": 0.0414367347417574,
  "roc_auc_mean": 0.7827159663865546,
  "roc_auc_std": 0.0493812168763085
}