{
  "threshold": 0.4100000000000001,
  "accuracy": 0.8416666666666667,
  "precision_pos": 0.8163265306122449,
  "recall_pos": 0.8,
  "f1_pos": 0.8080808080808081,
  "macro_f1": 0.8366645175155814,
  "pr_auc": 0.8975431051322186,
  "roc_auc": 0.9058571428571429,
  "confusion_matrix": [
    [
      122,
      18
    ],
    [
      20,
      80
    ]
  ],
  "best_threshold": 0.4100000000000001
}