{
  "accuracy_mean": 0.808813559322034,
  "accuracy_std": 0.022049393363759218,
  "precision_pos_mean": 0.8582761250953471,
  "precision_pos_std": 0.05471986857028828,
  "recall_pos_mean": 0.6559999999999999,
  "recall_pos_std": 0.04079215610874228,
  "f1_pos_mean": 0.7419661733615223,
  "f1_pos_std": 0.03040357314508684,
  "macro_f1_mean": 0.7948819246848624,
  "macro_f1_std": 0.0233839768867797,
  "pr_auc_mean": 0.8558059889263105,
  "pr_auc_std": 0.027483332373163177,
  "roc_auc_mean": 0.8594420168067227,
  "roc_auc_std": 0.015891654916843793
}