{
  "accuracy_mean": 0.8089265536723165,
  "accuracy_std": 0.029964069261545836,
  "precision_pos_mean": 0.8163306258958434,
  "precision_pos_std": 0.03362865558132404,
  "recall_pos_mean": 0.704,
  "recall_pos_std": 0.08236504112789603,
  "f1_pos_mean": 0.75311260466438,
  "f1_pos_std": 0.04988365314983681,
  "macro_f1_mean": 0.798277154023191,
  "macro_f1_std": 0.03462926732273437,
  "pr_auc_mean": 0.8690818248875118,
  "pr_auc_std": 0.03626167836022461,
  "roc_auc_mean": 0.872309243697479,
  "roc_auc_std": 0.03432422552891375
}