{
  "threshold": 0.47000000000000003,
  "accuracy": 0.8208333333333333,
  "precision_pos": 0.8433734939759037,
  "recall_pos": 0.7,
  "f1_pos": 0.7650273224043715,
  "macro_f1": 0.8101230888116133,
  "pr_auc": 0.8451142415548102,
  "roc_auc": 0.8360000000000001,
  "confusion_matrix": [
    [
      127,
      13
    ],
    [
      30,
      70
    ]
  ],
  "best_threshold": 0.47000000000000003
}