{
  "importance_gain": [
    55.4605817925185,
    16.50977839715779,
    1.5462854728102684,
    1.2855549603700638,
    6.579286182299256,
    11.57381896302104,
    19.6648029088974,
    29.49148590862751,
    0.0,
    0.0,
    0.0,
    0.0,
    563.2195120637771,
    358.41507835220546,
    244.0348994314336,
    224.82094855839387,
    18.904600754380226,
    178.9133307095617,
    92.53665533103049,
    3.739254981279373,
    2.9400969743728638,
    38.111037731170654,
    3.4083979725837708,
    6.264540120959282,
    0.0,
    4.088887006044388,
    0.0,
    0.0,
    0.0,
    0.0,
    0.0,
    0.0,
    2.3731409907341003,
    20.86318175122142,
    22.924303015694022
  ],
  "selected_original_indices": [
    0,
    1,
    2,
    3,
    4,
    5,
    6,
    7,
    8,
    9,
    10,
    11,
    12,
    13,
    14,
    15,
    16,
    17,
    18,
    19,
    20,
    21,
    22,
    23,
    24,
    25,
    26,
    27,
    28,
    29,
    30,
    31,
    32,
    33,
    34
  ]
}