{
  "accuracy_mean": 0.7553107344632768,
  "accuracy_std": 0.05534457048070999,
  "precision_pos_mean": 0.7388553960659223,
  "precision_pos_std": 0.07681813849693156,
  "recall_pos_mean": 0.6400000000000001,
  "recall_pos_std": 0.10733126291998991,
  "f1_pos_mean": 0.6832364881178057,
  "f1_pos_std": 0.08832668224074079,
  "macro_f1_mean": 0.7415472620049675,
  "macro_f1_std": 0.06337071680385148,
  "pr_auc_mean": 0.795613895033436,
  "pr_auc_std": 0.05062290270877903,
  "roc_auc_mean": 0.7761747899159663,
  "roc_auc_std": 0.05885839792489149
}