{
  "accuracy_mean": 0.7419209039548023,
  "accuracy_std": 0.05559465571616272,
  "precision_pos_mean": 0.7447988839804697,
  "precision_pos_std": 0.07203875939715983,
  "recall_pos_mean": 0.584,
  "recall_pos_std": 0.103072789813801,
  "f1_pos_mean": 0.6514737110896945,
  "f1_pos_std": 0.08455082879797728,
  "macro_f1_mean": 0.7228385151617502,
  "macro_f1_std": 0.06212658875211793,
  "pr_auc_mean": 0.7762645052773502,
  "pr_auc_std": 0.08053998209872122,
  "roc_auc_mean": 0.8030991596638655,
  "roc_auc_std": 0.06946695638791264
}