{
  "threshold": 0.5000000000000002,
  "accuracy": 0.8291666666666667,
  "precision_pos": 0.7610619469026548,
  "recall_pos": 0.86,
  "f1_pos": 0.8075117370892019,
  "macro_f1": 0.8269768423273725,
  "pr_auc": 0.8930674631757124,
  "roc_auc": 0.9102142857142856,
  "confusion_matrix": [
    [
      113,
      27
    ],
    [
      14,
      86
    ]
  ],
  "best_threshold": 0.5000000000000002
}