{
  "threshold": 0.48000000000000015,
  "accuracy": 0.85,
  "precision_pos": 0.7857142857142857,
  "recall_pos": 0.88,
  "f1_pos": 0.8301886792452831,
  "macro_f1": 0.847930160518164,
  "pr_auc": 0.8946047305871363,
  "roc_auc": 0.9177142857142857,
  "confusion_matrix": [
    [
      116,
      24
    ],
    [
      12,
      88
    ]
  ],
  "best_threshold": 0.48000000000000015
}