{
  "accuracy_mean": 0.8090960451977403,
  "accuracy_std": 0.0564930506969099,
  "precision_pos_mean": 0.7405128205128205,
  "precision_pos_std": 0.056623141423288115,
  "recall_pos_mean": 0.8400000000000001,
  "recall_pos_std": 0.10119288512538811,
  "f1_pos_mean": 0.7849498459670949,
  "f1_pos_std": 0.06684511797501871,
  "macro_f1_mean": 0.8062039792174976,
  "macro_f1_std": 0.05760619805903346,
  "pr_auc_mean": 0.8721887009674567,
  "pr_auc_std": 0.0633600545638412,
  "roc_auc_mean": 0.8950319327731092,
  "roc_auc_std": 0.04470879070592888
}