{
  "accuracy_mean": 0.7751977401129945,
  "accuracy_std": 0.02469152790575728,
  "precision_pos_mean": 0.7173704936388111,
  "precision_pos_std": 0.05257196703764848,
  "recall_pos_mean": 0.784,
  "recall_pos_std": 0.082365041127896,
  "f1_pos_mean": 0.7442885868784621,
  "f1_pos_std": 0.02841621361431366,
  "macro_f1_mean": 0.7707388113090473,
  "macro_f1_std": 0.023483878910969026,
  "pr_auc_mean": 0.8863629814841865,
  "pr_auc_std": 0.03281727323317175,
  "roc_auc_mean": 0.8984806722689076,
  "roc_auc_std": 0.028750485097364983
}