{
  "accuracy_mean": 0.7921468926553671,
  "accuracy_std": 0.05996434617945419,
  "precision_pos_mean": 0.7327181233913352,
  "precision_pos_std": 0.07629593643751952,
  "recall_pos_mean": 0.808,
  "recall_pos_std": 0.06881860213634103,
  "f1_pos_mean": 0.7661619364727024,
  "f1_pos_std": 0.061448557339985194,
  "macro_f1_mean": 0.7889973966536562,
  "macro_f1_std": 0.05957176397065187,
  "pr_auc_mean": 0.8719622622322996,
  "pr_auc_std": 0.060896785094088,
  "roc_auc_mean": 0.8944134453781512,
  "roc_auc_std": 0.041827717847960764
}