{
  "threshold": 0.47000000000000014,
  "accuracy": 0.8120805369127517,
  "precision_pos": 0.8415841584158416,
  "recall_pos": 0.68,
  "f1_pos": 0.7522123893805309,
  "macro_f1": 0.8004305190145897,
  "pr_auc": 0.8560427324481157,
  "roc_auc": 0.8576647398843931,
  "confusion_matrix": [
    [
      157,
      16
    ],
    [
      40,
      85
    ]
  ],
  "best_threshold": 0.47000000000000014
}