{
  "threshold": 0.35000000000000003,
  "accuracy": 0.8208333333333333,
  "precision_pos": 0.7478260869565218,
  "recall_pos": 0.86,
  "f1_pos": 0.8,
  "macro_f1": 0.8188679245283019,
  "pr_auc": 0.8817044897485513,
  "roc_auc": 0.8962857142857144,
  "confusion_matrix": [
    [
      111,
      29
    ],
    [
      14,
      86
    ]
  ],
  "best_threshold": 0.35000000000000003
}