{
  "threshold": 0.33,
  "accuracy": 0.8416666666666667,
  "precision_pos": 0.7924528301886793,
  "recall_pos": 0.84,
  "f1_pos": 0.8155339805825242,
  "macro_f1": 0.8384239245978314,
  "pr_auc": 0.878550198704348,
  "roc_auc": 0.8769285714285715,
  "confusion_matrix": [
    [
      118,
      22
    ],
    [
      16,
      84
    ]
  ],
  "best_threshold": 0.33
}