{
  "importance_gain": [
    40.7678257226944,
    31.134448885917664,
    19.90701200067997,
    5.319028079509735,
    37.7657570540905,
    39.878797829151154,
    4.424307703971863,
    41.1610449552536,
    42.97934204339981,
    111.9386193738319,
    100.97904321551323,
    8.957800388336182,
    21.91312888264656,
    16.531359687447548,
    65.06904613226652,
    9.962272077798843,
    48.51286992430687,
    93.40505862236023,
    45.16577541269362,
    19.05154127627611,
    22.397068917751312,
    27.598691999912262,
    51.80368685722351,
    29.445590913295746,
    6.918980985879898,
    21.078920304775238,
    63.47446336131543,
    5.522292941808701,
    12.375470899045467,
    100.18264220654964,
    12.561361888423562,
    9.850362391211092,
    80.73316076397896,
    79.55461095273495,
    29.18519288301468,
    80.98063188791275,
    6.0996579229831696,
    37.75048604607582,
    4.051656123250723,
    24.094198286533356,
    22.437658476643264,
    11.842008516192436,
    38.34378409385681,
    95.71591009944677,
    16.624329566955566,
    0.0,
    0.5174000263214111,
    0.0,
    4.05003696680069,
    592.1349081397057
  ],
  "selected_original_indices": [
    28,
    44,
    80,
    120,
    157,
    158,
    173,
    179,
    201,
    237,
    282,
    300,
    319,
    333,
    336,
    375,
    400,
    409,
    415,
    425,
    440,
    449,
    505,
    522,
    534,
    585,
    595,
    648,
    660,
    673,
    690,
    724,
    728,
    790,
    814,
    815,
    826,
    884,
    915,
    927,
    953,
    997,
    1013,
    1024,
    1025,
    1026,
    1028,
    1029,
    1030,
    1036
  ]
}