{
  "accuracy_mean": 0.8022598870056497,
  "accuracy_std": 0.04801827830348033,
  "precision_pos_mean": 0.8348496240601504,
  "precision_pos_std": 0.043471725216205584,
  "recall_pos_mean": 0.656,
  "recall_pos_std": 0.11757550765359255,
  "f1_pos_mean": 0.7297056015068437,
  "f1_pos_std": 0.0888661152638332,
  "macro_f1_mean": 0.7863558659849387,
  "macro_f1_std": 0.059655951559452726,
  "pr_auc_mean": 0.846834429006407,
  "pr_auc_std": 0.043300804382767025,
  "roc_auc_mean": 0.8592336134453781,
  "roc_auc_std": 0.027469259654616492
}