{
  "file": "early_fusion_inference",
  "total_inference": 103,
  "matched": 103,
  "unmatched_inference": 0,
  "missing_manual": 0,
  "accuracy": 0.8349514563106796,
  "precision": 0.7368421052631579,
  "recall": 0.9545454545454546,
  "f1": 0.8316831683168316,
  "roc_auc": 0.9664869029275809,
  "average_precision": 0.9418895845736421
}