,precision,recall,f1-score,support
0,0.9565217391304348,0.7457627118644068,0.8380952380952381,59.0
1,0.7368421052631579,0.9545454545454546,0.8316831683168316,44.0
accuracy,0.8349514563106796,0.8349514563106796,0.8349514563106796,0.8349514563106796
macro avg,0.8466819221967963,0.8501540832049307,0.8348892032060349,103.0
weighted avg,0.862678012041501,0.8349514563106796,0.8353561014908703,103.0
