{
  "threshold": 0.34,
  "accuracy": 0.7916666666666666,
  "precision_pos": 0.711864406779661,
  "recall_pos": 0.84,
  "f1_pos": 0.7706422018348624,
  "macro_f1": 0.789901253589187,
  "pr_auc": 0.7884730566688125,
  "roc_auc": 0.8350714285714286,
  "confusion_matrix": [
    [
      106,
      34
    ],
    [
      16,
      84
    ]
  ],
  "best_threshold": 0.34
}