{
  "accuracy_mean": 0.7351977401129942,
  "accuracy_std": 0.056511749532575366,
  "precision_pos_mean": 0.7443822122150295,
  "precision_pos_std": 0.08156664056125648,
  "recall_pos_mean": 0.5599999999999999,
  "recall_pos_std": 0.09121403400793103,
  "f1_pos_mean": 0.6372002776673249,
  "f1_pos_std": 0.08445182429175581,
  "macro_f1_mean": 0.7140475887935327,
  "macro_f1_std": 0.0629066540329013,
  "pr_auc_mean": 0.780043370577986,
  "pr_auc_std": 0.0661740929315412,
  "roc_auc_mean": 0.8012638655462183,
  "roc_auc_std": 0.056522147730753924
}