{
  "threshold": 0.32,
  "accuracy": 0.8166666666666667,
  "precision_pos": 0.7692307692307693,
  "recall_pos": 0.8,
  "f1_pos": 0.7843137254901961,
  "macro_f1": 0.8124467178175618,
  "pr_auc": 0.8793413986987083,
  "roc_auc": 0.8811428571428571,
  "confusion_matrix": [
    [
      116,
      24
    ],
    [
      20,
      80
    ]
  ],
  "best_threshold": 0.32
}