{
  "accuracy_mean": 0.8020903954802261,
  "accuracy_std": 0.03675253063086069,
  "precision_pos_mean": 0.8614250229810869,
  "precision_pos_std": 0.043402398119533905,
  "recall_pos_mean": 0.6320000000000001,
  "recall_pos_std": 0.09927738916792686,
  "f1_pos_mean": 0.7237175920774451,
  "f1_pos_std": 0.07331035103646667,
  "macro_f1_mean": 0.7842466212378443,
  "macro_f1_std": 0.04761059469623631,
  "pr_auc_mean": 0.8463088056897087,
  "pr_auc_std": 0.04025065339797665,
  "roc_auc_mean": 0.8524504201680673,
  "roc_auc_std": 0.02303273728402067
}