,precision,recall,f1-score,support
0,0.98,0.7424242424242424,0.8448275862068966,66.0
1,0.7166666666666667,0.9772727272727273,0.8269230769230769,44.0
accuracy,0.8363636363636363,0.8363636363636363,0.8363636363636363,0.8363636363636363
macro avg,0.8483333333333334,0.8598484848484849,0.8358753315649867,110.0
weighted avg,0.8746666666666666,0.8363636363636363,0.8376657824933688,110.0
