{
  "file": "max_voting_inference",
  "total_inference": 110,
  "matched": 110,
  "unmatched_inference": 0,
  "missing_manual": 0,
  "accuracy": 0.8272727272727273,
  "precision": 0.7049180327868853,
  "recall": 0.9772727272727273,
  "f1": 0.819047619047619,
  "roc_auc": 0.9115013774104683,
  "average_precision": 0.8325027295673457
}