,precision,recall,f1-score,support
0,0.9259259259259259,0.7575757575757576,0.8333333333333334,66.0
1,0.7142857142857143,0.9090909090909091,0.8,44.0
accuracy,0.8181818181818182,0.8181818181818182,0.8181818181818182,0.8181818181818182
macro avg,0.8201058201058201,0.8333333333333333,0.8166666666666667,110.0
weighted avg,0.8412698412698413,0.8181818181818182,0.8200000000000001,110.0
