{
  "threshold": 0.3,
  "accuracy": 0.8053691275167785,
  "precision_pos": 0.7189542483660131,
  "recall_pos": 0.88,
  "f1_pos": 0.7913669064748201,
  "macro_f1": 0.804488484683951,
  "pr_auc": 0.876916151660414,
  "roc_auc": 0.8877225433526013,
  "confusion_matrix": [
    [
      130,
      43
    ],
    [
      15,
      110
    ]
  ],
  "best_threshold": 0.3
}