{
  "importance_gain": [
    17.171539783477783,
    31.87063479423523,
    32.05693991109729,
    28.75451632682234,
    56.018947169184685,
    44.784616857767105,
    11.473812252283096,
    66.27396360039711,
    4.570281868800521,
    214.0123814046383,
    13.733200073242188,
    0.0,
    0.0,
    31.7293561398983,
    398.4901751279831,
    152.42020094394684,
    57.92751159518957,
    25.794352889060974,
    12.66378527879715,
    10.17671750485897,
    7.261858031153679,
    7.547835037112236,
    10.152821034193039,
    31.673884510993958,
    32.111793130636215,
    5.808346927165985,
    27.157473981380463,
    15.994356036186218,
    6.803060434758663,
    28.8378384411335,
    90.24079701304436,
    2.4167231135070324,
    25.23020312190056,
    41.55425040796399,
    11.309060096740723,
    44.37658953666687,
    9.650059819221497,
    30.52831667661667,
    42.934173196554184,
    86.53904144465923,
    15.797770023345947,
    2.756236970424652,
    12.701668411493301,
    23.444888167083263,
    104.8437192440033,
    18.84629988670349,
    10.39413994550705,
    35.1736798286438,
    20.21475536376238,
    27.16632715240121
  ],
  "selected_original_indices": [
    179,
    201,
    237,
    300,
    400,
    409,
    522,
    790,
    826,
    1024,
    1025,
    1028,
    1029,
    1030,
    1036,
    1118,
    1176,
    1183,
    1208,
    1249,
    1337,
    1347,
    1350,
    1528,
    1573,
    1591,
    1603,
    1612,
    1621,
    1627,
    1645,
    1659,
    1684,
    1770,
    1777,
    1886,
    1954,
    2115,
    2371,
    2395,
    2452,
    2545,
    2595,
    2596,
    2597,
    2598,
    2599,
    2600,
    2601,
    2604
  ]
}