{
  "threshold": 0.44,
  "accuracy": 0.8083333333333333,
  "precision_pos": 0.7872340425531915,
  "recall_pos": 0.74,
  "f1_pos": 0.7628865979381443,
  "macro_f1": 0.8010237185494917,
  "pr_auc": 0.8609106754460721,
  "roc_auc": 0.8670714285714285,
  "confusion_matrix": [
    [
      120,
      20
    ],
    [
      26,
      74
    ]
  ],
  "best_threshold": 0.44
}