{
  "importance_gain": [
    36.595589853823185,
    50.887410908937454,
    41.62700942903757,
    17.353499930351973,
    59.846965074539185,
    24.96444809436798,
    10.5753830447793,
    11.659617587924004,
    34.066702011972666,
    32.80058881640434,
    15.421642649918795,
    53.7035930454731,
    21.33517425879836,
    22.932437300682068,
    51.474419340491295,
    32.98090608417988,
    17.95255467062816,
    13.412659160792828,
    15.34999805688858,
    37.18389141187072,
    45.48487740010023,
    23.78988517820835,
    25.030210537835956,
    87.70743881072849,
    90.75808514654636,
    32.64864441752434,
    28.016753405332565,
    15.390624362975359,
    35.63442000746727,
    32.98097153007984,
    10.411177933216095,
    20.039687901735306,
    19.614543914794922,
    16.779352139681578,
    82.12623440474272,
    12.949289578944445,
    53.913717187941074,
    28.26416902244091,
    11.937656817957759,
    141.2498108521104,
    28.07246553627556,
    35.66336450353265,
    37.454019486904144,
    77.77161831781268,
    0.1803710013628006,
    0.0,
    0.648298978805542,
    1.630359947681427,
    0.0,
    487.1244811564684
  ],
  "selected_original_indices": [
    61,
    67,
    106,
    114,
    143,
    183,
    200,
    211,
    223,
    236,
    240,
    300,
    304,
    449,
    487,
    537,
    575,
    597,
    621,
    635,
    642,
    685,
    697,
    701,
    744,
    761,
    772,
    801,
    814,
    829,
    844,
    853,
    887,
    899,
    907,
    912,
    914,
    927,
    946,
    968,
    972,
    988,
    992,
    1024,
    1025,
    1028,
    1029,
    1030,
    1034,
    1036
  ]
}