{
  "importance_gain": [
    31.398743122816086,
    45.662572234869,
    3.6382429599761963,
    17.21431702375412,
    12.881293058395386,
    11.119029223918915,
    10.462392807006836,
    48.746467769145966,
    25.037274695932865,
    107.2073022723198,
    12.088138848543167,
    40.78063227655366,
    72.78692676126957,
    40.19437491893768,
    13.330080971121788,
    115.69286975264549,
    13.394249092787504,
    14.19836774468422,
    26.063425324857235,
    30.51368299126625,
    10.047110080718994,
    19.94708639383316,
    33.69640004634857,
    3.2328860759735107,
    123.15907768905163,
    13.033800967037678,
    7.031032361090183,
    81.49640903156251,
    55.49700339138508,
    26.823274344205856,
    63.17115028202534,
    39.34367761015892,
    18.70917408168316,
    54.05986708402634,
    43.6791485324502,
    17.343246556818485,
    1.5509194135665894,
    30.339696936309338,
    9.39713872387074,
    5.384631007909775,
    13.937022812664509,
    44.52451401948929,
    7.268586993217468,
    11.169595807790756,
    28.731279850006104,
    0.0,
    0.0,
    0.0,
    13.470390319824219,
    474.2345053553581
  ],
  "selected_original_indices": [
    28,
    44,
    114,
    157,
    173,
    176,
    179,
    201,
    237,
    282,
    300,
    333,
    336,
    375,
    387,
    409,
    415,
    425,
    443,
    449,
    468,
    522,
    534,
    585,
    595,
    648,
    660,
    701,
    728,
    733,
    744,
    790,
    797,
    814,
    815,
    826,
    867,
    884,
    927,
    944,
    953,
    966,
    997,
    1013,
    1024,
    1025,
    1028,
    1029,
    1030,
    1036
  ]
}