{
  "accuracy_mean": 0.7822033898305085,
  "accuracy_std": 0.04082521997460219,
  "precision_pos_mean": 0.7812020460358056,
  "precision_pos_std": 0.03753670722152663,
  "recall_pos_mean": 0.664,
  "recall_pos_std": 0.0932952303175248,
  "f1_pos_mean": 0.7154761904761904,
  "f1_pos_std": 0.0683254516775321,
  "macro_f1_mean": 0.7692094017094017,
  "macro_f1_std": 0.04776107521707785,
  "pr_auc_mean": 0.8401508241992511,
  "pr_auc_std": 0.05012299983793327,
  "roc_auc_mean": 0.8388168067226891,
  "roc_auc_std": 0.043220676788487906
}