{
  "accuracy_mean": 0.8054802259887006,
  "accuracy_std": 0.026466740740261847,
  "precision_pos_mean": 0.8231594202898551,
  "precision_pos_std": 0.06929963797572451,
  "recall_pos_mean": 0.6960000000000001,
  "recall_pos_std": 0.082365041127896,
  "f1_pos_mean": 0.7480430839002267,
  "f1_pos_std": 0.04182591629263196,
  "macro_f1_mean": 0.7942198937546033,
  "macro_f1_std": 0.029132984648186557,
  "pr_auc_mean": 0.8603729750056903,
  "pr_auc_std": 0.027845438387307055,
  "roc_auc_mean": 0.8496201680672268,
  "roc_auc_std": 0.01689223823926693
}