{
  "threshold": 0.31,
  "accuracy": 0.785234899328859,
  "precision_pos": 0.6967741935483871,
  "recall_pos": 0.864,
  "f1_pos": 0.7714285714285715,
  "macro_f1": 0.7844484629294757,
  "pr_auc": 0.8724614132208789,
  "roc_auc": 0.882265895953757,
  "confusion_matrix": [
    [
      126,
      47
    ],
    [
      17,
      108
    ]
  ],
  "best_threshold": 0.31
}