{
  "importance_gain": [
    3.663285955786705,
    11.268804907798767,
    1.4670880138874054,
    5.493757992982864,
    19.678535521030426,
    24.04943096637726,
    4.243970096111298,
    13.568825215101242,
    5.836512982845306,
    29.043493375182152,
    25.98020425438881,
    3.648419976234436,
    0.4687120020389557,
    13.790675103664398,
    3.8823180831968784,
    8.532846473157406,
    4.644059896469116,
    44.29460629820824,
    53.96656337380409,
    10.589280903339386,
    19.4685001373291,
    21.420404016971588,
    5.885426998138428,
    110.75022077560425,
    53.477901458740234,
    0.0,
    0.0,
    0.0,
    10.066619873046875,
    469.3172855377197,
    115.65541887283325,
    67.93700581789017,
    2.5534899532794952,
    0.26780998706817627,
    0.0,
    2.8336501121520996,
    4.1523609310388565,
    19.16178134083748,
    14.797810316085815,
    40.39422604441643,
    8.664087772369385,
    0.4539080113172531,
    5.264098882675171,
    0.0,
    4.213170051574707,
    13.846486240625381,
    1.497154951095581,
    1.554610013961792,
    4.683450102806091,
    0.609870970249176,
    4.935975253582001,
    18.61970606446266,
    12.676865845918655,
    2.3788129836320877,
    20.26810185238719,
    26.325390458106995,
    34.31779879331589,
    0.9078910201787949,
    10.85800814628601,
    16.797647297382355,
    26.247670650482178,
    16.377569556236267,
    36.60609722137451,
    64.24701735749841,
    10.97282424196601,
    5.545329928398132,
    10.02721220254898,
    2.7618239521980286,
    7.126242101192474,
    7.566550135612488,
    64.04671216011047,
    6.948351979255676,
    1.595329999923706,
    2.2167000770568848,
    30.325603753328323,
    32.78390184044838,
    11.968811050057411,
    1.438567042350769,
    9.162729740142822,
    6.282263934612274,
    0.0,
    52.11061669886112,
    0.0,
    7.300110101699829,
    47.88939891755581,
    0.0,
    53.30524969100952,
    3.48404198884964,
    3.502890110015869,
    18.025708973407745,
    12.256344318389893,
    4.403465926647186,
    19.435058653354645,
    13.124609470367432,
    68.8540289402008,
    24.148329973220825,
    3.302150011062622,
    22.20398736000061,
    22.711619153618813,
    16.00737988948822
  ],
  "selected_original_indices": [
    28,
    120,
    157,
    173,
    179,
    201,
    237,
    300,
    336,
    400,
    409,
    425,
    449,
    522,
    534,
    595,
    690,
    790,
    815,
    826,
    927,
    953,
    1013,
    1024,
    1025,
    1026,
    1028,
    1029,
    1030,
    1036,
    1118,
    1176,
    1177,
    1183,
    1194,
    1208,
    1248,
    1249,
    1254,
    1267,
    1271,
    1336,
    1337,
    1347,
    1350,
    1359,
    1425,
    1433,
    1438,
    1507,
    1514,
    1528,
    1554,
    1564,
    1569,
    1573,
    1586,
    1591,
    1603,
    1612,
    1615,
    1621,
    1627,
    1645,
    1650,
    1659,
    1684,
    1770,
    1775,
    1777,
    1886,
    1944,
    1954,
    1976,
    2017,
    2044,
    2093,
    2104,
    2105,
    2115,
    2282,
    2336,
    2354,
    2359,
    2371,
    2389,
    2395,
    2413,
    2427,
    2452,
    2544,
    2545,
    2595,
    2596,
    2597,
    2598,
    2599,
    2600,
    2601,
    2604
  ]
}