{
  "accuracy_mean": 0.795593220338983,
  "accuracy_std": 0.04030850737575599,
  "precision_pos_mean": 0.7881604278074865,
  "precision_pos_std": 0.04299305075900407,
  "recall_pos_mean": 0.704,
  "recall_pos_std": 0.11482160075525856,
  "f1_pos_mean": 0.7382163343592488,
  "f1_pos_std": 0.06700199162456694,
  "macro_f1_mean": 0.7845903878866638,
  "macro_f1_std": 0.046310199536880856,
  "pr_auc_mean": 0.8814942384559525,
  "pr_auc_std": 0.039686284049132096,
  "roc_auc_mean": 0.8923563025210084,
  "roc_auc_std": 0.029937015350112558
}