{
  "threshold": 0.36000000000000004,
  "accuracy": 0.8166666666666667,
  "precision_pos": 0.78,
  "recall_pos": 0.78,
  "f1_pos": 0.78,
  "macro_f1": 0.8114285714285714,
  "pr_auc": 0.8732859406902791,
  "roc_auc": 0.8795714285714286,
  "confusion_matrix": [
    [
      118,
      22
    ],
    [
      22,
      78
    ]
  ],
  "best_threshold": 0.36000000000000004
}