{
  "accuracy_mean": 0.7887570621468927,
  "accuracy_std": 0.03172526417927904,
  "precision_pos_mean": 0.824040536122916,
  "precision_pos_std": 0.038960502801085733,
  "recall_pos_mean": 0.6320000000000001,
  "recall_pos_std": 0.0854166260162505,
  "f1_pos_mean": 0.7119064252229064,
  "f1_pos_std": 0.06101973557056138,
  "macro_f1_mean": 0.7721975088557496,
  "macro_f1_std": 0.04000407840119441,
  "pr_auc_mean": 0.8522486836712266,
  "pr_auc_std": 0.03141537773405094,
  "roc_auc_mean": 0.8519394957983193,
  "roc_auc_std": 0.02530049357089995
}