,precision,recall,f1-score,support
0,0.9259259259259259,0.847457627118644,0.8849557522123894,59.0
1,0.8163265306122449,0.9090909090909091,0.8602150537634409,44.0
accuracy,0.8737864077669902,0.8737864077669902,0.8737864077669902,0.8737864077669902
macro avg,0.8711262282690855,0.8782742681047766,0.8725854029879152,103.0
weighted avg,0.8791067667628001,0.8737864077669902,0.874386910156528,103.0
