{
  "threshold": 0.34,
  "accuracy": 0.7041666666666667,
  "precision_pos": 0.6218487394957983,
  "recall_pos": 0.74,
  "f1_pos": 0.6757990867579908,
  "macro_f1": 0.7018842177084974,
  "pr_auc": 0.7283589950387139,
  "roc_auc": 0.7741428571428571,
  "confusion_matrix": [
    [
      95,
      45
    ],
    [
      26,
      74
    ]
  ],
  "best_threshold": 0.34
}