{
  "threshold": 0.49000000000000016,
  "accuracy": 0.7875,
  "precision_pos": 0.788235294117647,
  "recall_pos": 0.67,
  "f1_pos": 0.7243243243243244,
  "macro_f1": 0.7757214841960605,
  "pr_auc": 0.7998626805906529,
  "roc_auc": 0.8235714285714286,
  "confusion_matrix": [
    [
      122,
      18
    ],
    [
      33,
      67
    ]
  ],
  "best_threshold": 0.49000000000000016
}