{
  "accuracy_mean": 0.7048587570621467,
  "accuracy_std": 0.023036995949016578,
  "precision_pos_mean": 0.703019086176981,
  "precision_pos_std": 0.04869305761533656,
  "recall_pos_mean": 0.528,
  "recall_pos_std": 0.11702991070662233,
  "f1_pos_mean": 0.5932503880558802,
  "f1_pos_std": 0.0662111930823115,
  "macro_f1_mean": 0.6793935385774142,
  "macro_f1_std": 0.033954076166303734,
  "pr_auc_mean": 0.743294712318004,
  "pr_auc_std": 0.018799996672668625,
  "roc_auc_mean": 0.7762756302521009,
  "roc_auc_std": 0.030386869932178318
}