{
  "accuracy_mean": 0.7586440677966102,
  "accuracy_std": 0.056955653830324984,
  "precision_pos_mean": 0.7609411764705881,
  "precision_pos_std": 0.0839258199399634,
  "recall_pos_mean": 0.632,
  "recall_pos_std": 0.12749901960407378,
  "f1_pos_mean": 0.6820101927058448,
  "f1_pos_std": 0.08417930586436956,
  "macro_f1_mean": 0.7426608213910004,
  "macro_f1_std": 0.06205366619098848,
  "pr_auc_mean": 0.7888579529348961,
  "pr_auc_std": 0.07807245470939973,
  "roc_auc_mean": 0.8079126050420168,
  "roc_auc_std": 0.06950324075865162
}