{
  "threshold": 0.24000000000000002,
  "accuracy": 0.7416666666666667,
  "precision_pos": 0.6397058823529411,
  "recall_pos": 0.87,
  "f1_pos": 0.7372881355932204,
  "macro_f1": 0.7415948874687414,
  "pr_auc": 0.7778058541262598,
  "roc_auc": 0.8268571428571427,
  "confusion_matrix": [
    [
      91,
      49
    ],
    [
      13,
      87
    ]
  ],
  "best_threshold": 0.24000000000000002
}