{
  "accuracy_mean": 0.7183615819209039,
  "accuracy_std": 0.05346286816592478,
  "precision_pos_mean": 0.7114141414141415,
  "precision_pos_std": 0.07405466534831577,
  "recall_pos_mean": 0.5519999999999999,
  "recall_pos_std": 0.08908422980528034,
  "f1_pos_mean": 0.6196006897529982,
  "f1_pos_std": 0.07794458200908674,
  "macro_f1_mean": 0.697710477710326,
  "macro_f1_std": 0.058649241283660086,
  "pr_auc_mean": 0.7721047244761885,
  "pr_auc_std": 0.06752112339681791,
  "roc_auc_mean": 0.7958857142857143,
  "roc_auc_std": 0.05073932645040366
}