{
  "threshold": 0.33,
  "accuracy": 0.44166666666666665,
  "precision_pos": 0.4267241379310345,
  "recall_pos": 0.99,
  "f1_pos": 0.5963855421686747,
  "macro_f1": 0.34549006838163465,
  "pr_auc": 0.43838343505465693,
  "roc_auc": 0.5167142857142857,
  "confusion_matrix": [
    [
      7,
      133
    ],
    [
      1,
      99
    ]
  ],
  "best_threshold": 0.33
}