{
  "Text-Only": {
    "threshold": 0.5,
    "accuracy": 0.8818181818181818,
    "precision_pos": 0.8604651162790697,
    "recall_pos": 0.8409090909090909,
    "f1_pos": 0.8505747126436781,
    "macro_f1": 0.8764151758707113,
    "pr_auc": 0.9210738004196006,
    "roc_auc": 0.9480027548209367,
    "confusion_matrix": [
      [
        60,
        6
      ],
      [
        7,
        37
      ]
    ],
    "recall_ci95": [
      0.699,
      0.934
    ],
    "precision_ci95": [
      0.721,
      0.947
    ]
  },
  "Early Fusion": {
    "threshold": 0.5,
    "accuracy": 0.8909090909090909,
    "precision_pos": 0.7962962962962963,
    "recall_pos": 0.9772727272727273,
    "f1_pos": 0.8775510204081632,
    "macro_f1": 0.8895951823352292,
    "pr_auc": 0.8907768753856483,
    "roc_auc": 0.9521349862258952,
    "confusion_matrix": [
      [
        55,
        11
      ],
      [
        1,
        43
      ]
    ],
    "recall_ci95": [
      0.88,
      0.999
    ],
    "precision_ci95": [
      0.665,
      0.894
    ]
  },
  "Score-Max": {
    "threshold": 0.5,
    "accuracy": 0.8363636363636363,
    "precision_pos": 0.7166666666666667,
    "recall_pos": 0.9772727272727273,
    "f1_pos": 0.8269230769230769,
    "macro_f1": 0.8358753315649867,
    "pr_auc": 0.8983170258406264,
    "roc_auc": 0.9328512396694215,
    "confusion_matrix": [
      [
        49,
        17
      ],
      [
        1,
        43
      ]
    ],
    "recall_ci95": [
      0.88,
      0.999
    ],
    "precision_ci95": [
      0.586,
      0.825
    ]
  },
  "Soft Voting": {
    "threshold": 0.5,
    "accuracy": 0.8545454545454545,
    "precision_pos": 0.7692307692307693,
    "recall_pos": 0.9090909090909091,
    "f1_pos": 0.8333333333333334,
    "macro_f1": 0.8521505376344086,
    "pr_auc": 0.8986861847236995,
    "roc_auc": 0.943870523415978,
    "confusion_matrix": [
      [
        54,
        12
      ],
      [
        4,
        40
      ]
    ],
    "recall_ci95": [
      0.783,
      0.975
    ],
    "precision_ci95": [
      0.632,
      0.875
    ]
  },
  "Stacking": {
    "threshold": 0.5,
    "accuracy": 0.8636363636363636,
    "precision_pos": 0.7636363636363637,
    "recall_pos": 0.9545454545454546,
    "f1_pos": 0.8484848484848485,
    "macro_f1": 0.862258953168044,
    "pr_auc": 0.9015041544839895,
    "roc_auc": 0.946969696969697,
    "confusion_matrix": [
      [
        53,
        13
      ],
      [
        2,
        42
      ]
    ],
    "recall_ci95": [
      0.845,
      0.994
    ],
    "precision_ci95": [
      0.63,
      0.868
    ]
  }
}