{
  "threshold": 0.6000000000000003,
  "accuracy": 0.8087248322147651,
  "precision_pos": 0.7786885245901639,
  "recall_pos": 0.76,
  "f1_pos": 0.7692307692307693,
  "macro_f1": 0.8029534934979061,
  "pr_auc": 0.8727337131092339,
  "roc_auc": 0.889849710982659,
  "confusion_matrix": [
    [
      146,
      27
    ],
    [
      30,
      95
    ]
  ],
  "best_threshold": 0.6000000000000003
}