{
  "threshold": 0.51,
  "accuracy": 0.8208333333333333,
  "precision_pos": 0.8275862068965517,
  "recall_pos": 0.72,
  "f1_pos": 0.7700534759358288,
  "macro_f1": 0.8116478983774708,
  "pr_auc": 0.8648473475818483,
  "roc_auc": 0.8740714285714285,
  "confusion_matrix": [
    [
      125,
      15
    ],
    [
      28,
      72
    ]
  ],
  "best_threshold": 0.51
}