{
  "threshold": 0.37000000000000005,
  "accuracy": 0.825,
  "precision_pos": 0.7788461538461539,
  "recall_pos": 0.81,
  "f1_pos": 0.7941176470588235,
  "macro_f1": 0.8209718670076727,
  "pr_auc": 0.8699924821833335,
  "roc_auc": 0.8885714285714286,
  "confusion_matrix": [
    [
      117,
      23
    ],
    [
      19,
      81
    ]
  ],
  "best_threshold": 0.37000000000000005
}