{
  "importance_gain": [
    38.7578780814074,
    64.33557997597381,
    80.4562362357974,
    57.919438779354095,
    51.58017294108868,
    48.84825912117958,
    70.05684658512473,
    72.10805076360703,
    38.56924210116267,
    125.46813165396452,
    52.68383914232254,
    107.83784341812134,
    44.196887508034706,
    36.10702722519636,
    177.8146972451359,
    188.5436693355441,
    45.37039648555219,
    91.2004446387291,
    5.076292991638184,
    469.5944093167782
  ],
  "selected_original_indices": [
    106,
    211,
    223,
    236,
    300,
    304,
    537,
    621,
    697,
    744,
    772,
    814,
    887,
    899,
    907,
    968,
    988,
    1024,
    1025,
    1036
  ]
}