{
  "importance_gain": [
    88.56579781929031,
    59.864167041145265,
    109.21198736969382,
    100.01725322753191,
    116.54110129363835,
    140.1164794266224,
    50.39565244689584,
    41.31198458559811,
    80.04146877676249,
    160.809012260288,
    136.36940044909716,
    120.71482605068013,
    90.83839656412601,
    51.632919733412564,
    19.457684069871902,
    33.02048774063587,
    12.777909994125366,
    0.0,
    32.96145898103714,
    509.13271629810333
  ],
  "selected_original_indices": [
    173,
    179,
    201,
    237,
    375,
    409,
    425,
    449,
    522,
    595,
    701,
    733,
    790,
    826,
    1024,
    1025,
    1028,
    1029,
    1030,
    1036
  ]
}