{
  "accuracy_mean": 0.7854802259887006,
  "accuracy_std": 0.044232850395415704,
  "precision_pos_mean": 0.7908302808302807,
  "precision_pos_std": 0.057940417839044626,
  "recall_pos_mean": 0.664,
  "recall_pos_std": 0.09329523031752479,
  "f1_pos_mean": 0.7191725979235644,
  "f1_pos_std": 0.06872544482107228,
  "macro_f1_mean": 0.7724656468112793,
  "macro_f1_std": 0.04983156420582231,
  "pr_auc_mean": 0.8374917679854399,
  "pr_auc_std": 0.052016776392021645,
  "roc_auc_mean": 0.8339226890756303,
  "roc_auc_std": 0.05388634908146294
}