{
  "accuracy_mean": 0.7752542372881355,
  "accuracy_std": 0.04791699921612908,
  "precision_pos_mean": 0.7508998026239404,
  "precision_pos_std": 0.06822802029728495,
  "recall_pos_mean": 0.704,
  "recall_pos_std": 0.09991996797437437,
  "f1_pos_mean": 0.7219001058684384,
  "f1_pos_std": 0.0690250131360892,
  "macro_f1_mean": 0.7657407965166574,
  "macro_f1_std": 0.052136958943536024,
  "pr_auc_mean": 0.8247576311800738,
  "pr_auc_std": 0.020768377197052424,
  "roc_auc_mean": 0.8286453781512606,
  "roc_auc_std": 0.013367140437337591
}