{
  "threshold": 0.33,
  "accuracy": 0.8375,
  "precision_pos": 0.7850467289719626,
  "recall_pos": 0.84,
  "f1_pos": 0.8115942028985508,
  "macro_f1": 0.834368530020704,
  "pr_auc": 0.9043220649506025,
  "roc_auc": 0.9131428571428571,
  "confusion_matrix": [
    [
      117,
      23
    ],
    [
      16,
      84
    ]
  ],
  "best_threshold": 0.33
}