{
  "accuracy_mean": 0.7954237288135594,
  "accuracy_std": 0.03181568579620965,
  "precision_pos_mean": 0.8415950226244344,
  "precision_pos_std": 0.06302766648620023,
  "recall_pos_mean": 0.64,
  "recall_pos_std": 0.08763560920082658,
  "f1_pos_mean": 0.7215631618501058,
  "f1_pos_std": 0.0537658832424235,
  "macro_f1_mean": 0.7792932561857557,
  "macro_f1_std": 0.03679993057948114,
  "pr_auc_mean": 0.8570495785982171,
  "pr_auc_std": 0.023779122072940594,
  "roc_auc_mean": 0.8590117647058824,
  "roc_auc_std": 0.025097290304952922
}