,precision,recall,f1-score,support
0,0.9795918367346939,0.8135593220338984,0.8888888888888888,59.0
1,0.7962962962962963,0.9772727272727273,0.8775510204081632,44.0
accuracy,0.883495145631068,0.883495145631068,0.883495145631068,0.883495145631068
macro avg,0.8879440665154951,0.8954160246533128,0.883219954648526,103.0
weighted avg,0.9012908291687763,0.883495145631068,0.8840455275961516,103.0
