{
  "threshold": 0.5200000000000002,
  "accuracy": 0.8187919463087249,
  "precision_pos": 0.8380952380952381,
  "recall_pos": 0.704,
  "f1_pos": 0.7652173913043478,
  "macro_f1": 0.8088382038488953,
  "pr_auc": 0.8802309802399516,
  "roc_auc": 0.8951676300578034,
  "confusion_matrix": [
    [
      156,
      17
    ],
    [
      37,
      88
    ]
  ],
  "best_threshold": 0.5200000000000002
}