{
  "text_weight": 2.71640933844996,
  "image_weight": 2.0303772588747813,
  "intercept": -0.8584209482277644,
  "interpretation": "Text: 2.716, Image: 2.030"
}