{
  "threshold": 0.5800000000000003,
  "accuracy": 0.8791666666666667,
  "precision_pos": 0.927710843373494,
  "recall_pos": 0.77,
  "f1_pos": 0.8415300546448088,
  "macro_f1": 0.8719434785008555,
  "pr_auc": 0.9225476892469329,
  "roc_auc": 0.9292857142857142,
  "confusion_matrix": [
    [
      134,
      6
    ],
    [
      23,
      77
    ]
  ],
  "best_threshold": 0.5800000000000003
}