{
  "threshold": 0.41000000000000003,
  "accuracy": 0.8625,
  "precision_pos": 0.8526315789473684,
  "recall_pos": 0.81,
  "f1_pos": 0.8307692307692308,
  "macro_f1": 0.8574898785425101,
  "pr_auc": 0.8914785596951833,
  "roc_auc": 0.9159285714285714,
  "confusion_matrix": [
    [
      126,
      14
    ],
    [
      19,
      81
    ]
  ],
  "best_threshold": 0.41000000000000003
}