{
  "threshold": 0.39000000000000007,
  "accuracy": 0.8333333333333334,
  "precision_pos": 0.7830188679245284,
  "recall_pos": 0.83,
  "f1_pos": 0.8058252427184466,
  "macro_f1": 0.8299199206292962,
  "pr_auc": 0.9017948111005836,
  "roc_auc": 0.9122142857142858,
  "confusion_matrix": [
    [
      117,
      23
    ],
    [
      17,
      83
    ]
  ],
  "best_threshold": 0.39000000000000007
}