{
  "importance_gain": [
    21.904832933098078,
    11.669616375118494,
    3.7404330372810364,
    68.90695474296808,
    5.995056048035622,
    8.674439899623394,
    25.259182170033455,
    76.91325606789906,
    2.718715012073517,
    8.167481034994125,
    7.753366932272911,
    42.826639860868454,
    53.15813160780817,
    20.595250129699707,
    41.33357519423589,
    46.31606774032116,
    63.79800817370415,
    1.0882990062236786,
    28.984699249267578,
    0.0,
    0.0,
    0.0,
    5.059510111808777,
    474.2527274489403,
    20.727299064397812,
    9.849308773875237,
    58.1078368909657,
    117.56160306930542,
    10.867197901010513,
    26.33396029472351,
    6.493192873895168,
    80.72607047110796,
    44.75398430228233,
    17.241824731230736,
    85.0396040380001,
    22.765710815787315,
    30.981015235185623,
    18.69282752275467,
    11.620218813419342,
    0.9466560184955597,
    43.35561090707779,
    4.846513345837593,
    18.731690598651767,
    34.35905423760414,
    31.12969360873103,
    66.59237775206566,
    15.090372160077095,
    6.526707112789154,
    38.935431122779846,
    58.14702019095421
  ],
  "selected_original_indices": [
    173,
    176,
    179,
    201,
    237,
    300,
    375,
    409,
    425,
    449,
    522,
    595,
    701,
    733,
    744,
    790,
    815,
    826,
    1024,
    1025,
    1028,
    1029,
    1030,
    1036,
    1176,
    1208,
    1249,
    1270,
    1337,
    1350,
    1514,
    1528,
    1573,
    1603,
    1612,
    1621,
    1627,
    1645,
    1650,
    1659,
    1684,
    1775,
    1777,
    2093,
    2282,
    2395,
    2427,
    2545,
    2597,
    2604
  ]
}