{
  "accuracy_mean": 0.792316384180791,
  "accuracy_std": 0.047854941633345346,
  "precision_pos_mean": 0.7925136626733074,
  "precision_pos_std": 0.06264747366007196,
  "recall_pos_mean": 0.6880000000000001,
  "recall_pos_std": 0.09927738916792686,
  "f1_pos_mean": 0.7323636363636363,
  "f1_pos_std": 0.06983185892971369,
  "macro_f1_mean": 0.7808204509628658,
  "macro_f1_std": 0.05239471893912385,
  "pr_auc_mean": 0.8674061067551951,
  "pr_auc_std": 0.03726335631415652,
  "roc_auc_mean": 0.8728,
  "roc_auc_std": 0.038399576298771124
}