{
  "accuracy_mean": 0.808813559322034,
  "accuracy_std": 0.03904048826817076,
  "precision_pos_mean": 0.826836935599186,
  "precision_pos_std": 0.09124289870769095,
  "recall_pos_mean": 0.7120000000000001,
  "recall_pos_std": 0.09599999999999999,
  "f1_pos_mean": 0.7558154595601404,
  "f1_pos_std": 0.051472444374509534,
  "macro_f1_mean": 0.798241244023425,
  "macro_f1_std": 0.04052141169289818,
  "pr_auc_mean": 0.8877549558086526,
  "pr_auc_std": 0.03588389875349083,
  "roc_auc_mean": 0.8951394957983194,
  "roc_auc_std": 0.02542087427312668
}