{
  "accuracy_mean": 0.7854802259887006,
  "accuracy_std": 0.05735746148005994,
  "precision_pos_mean": 0.8076623376623375,
  "precision_pos_std": 0.06883655945566061,
  "recall_pos_mean": 0.6399999999999999,
  "recall_pos_std": 0.1131370849898476,
  "f1_pos_mean": 0.7098150651897182,
  "f1_pos_std": 0.09325101939611771,
  "macro_f1_mean": 0.7693460578781333,
  "macro_f1_std": 0.06658475389405571,
  "pr_auc_mean": 0.8604049884628676,
  "pr_auc_std": 0.05035156887393681,
  "roc_auc_mean": 0.8674420168067225,
  "roc_auc_std": 0.046769021703951606
}