{
  "accuracy_mean": 0.8024293785310734,
  "accuracy_std": 0.06118114546889491,
  "precision_pos_mean": 0.7958916083916083,
  "precision_pos_std": 0.06895838121051291,
  "recall_pos_mean": 0.7120000000000001,
  "recall_pos_std": 0.12237646832622684,
  "f1_pos_mean": 0.7467402113933275,
  "f1_pos_std": 0.08977232735363681,
  "macro_f1_mean": 0.791783496923694,
  "macro_f1_std": 0.06742565938960604,
  "pr_auc_mean": 0.873284129269428,
  "pr_auc_std": 0.0484457218443025,
  "roc_auc_mean": 0.8744941176470589,
  "roc_auc_std": 0.04333787860908735
}