,precision,recall,f1-score,support
0,0.9811320754716981,0.7878787878787878,0.8739495798319328,66.0
1,0.7543859649122807,0.9772727272727273,0.8514851485148515,44.0
accuracy,0.8636363636363636,0.8636363636363636,0.8636363636363636,0.8636363636363636
macro avg,0.8677590201919894,0.8825757575757576,0.8627173641733921,110.0
weighted avg,0.8904336312479312,0.8636363636363636,0.8649638073051001,110.0
