{
  "file": "soft_voting_inference",
  "total_inference": 110,
  "matched": 110,
  "unmatched_inference": 0,
  "missing_manual": 0,
  "accuracy": 0.8636363636363636,
  "precision": 0.7543859649122807,
  "recall": 0.9772727272727273,
  "f1": 0.8514851485148515,
  "roc_auc": 0.9300964187327824,
  "average_precision": 0.8457844263966813
}