,precision,recall,f1-score,support
0,0.9795918367346939,0.7272727272727273,0.8347826086956521,66.0
1,0.7049180327868853,0.9772727272727273,0.819047619047619,44.0
accuracy,0.8272727272727273,0.8272727272727273,0.8272727272727273,0.8272727272727273
macro avg,0.8422549347607895,0.8522727272727273,0.8269151138716355,110.0
weighted avg,0.8697223151555704,0.8272727272727273,0.8284886128364388,110.0
