,precision,recall,f1-score,support
0,0.9803921568627451,0.7575757575757576,0.8547008547008547,66.0
1,0.7288135593220338,0.9772727272727273,0.8349514563106796,44.0
accuracy,0.8454545454545455,0.8454545454545455,0.8454545454545455,0.8454545454545455
macro avg,0.8546028580923895,0.8674242424242424,0.8448261555057671,110.0
weighted avg,0.8797607178464605,0.8454545454545455,0.8468010953447848,110.0
