,precision,recall,f1-score,support
0,0.9310344827586207,0.9152542372881356,0.9230769230769231,59.0
1,0.8888888888888888,0.9090909090909091,0.898876404494382,44.0
accuracy,0.912621359223301,0.912621359223301,0.912621359223301,0.912621359223301
macro avg,0.9099616858237547,0.9121725731895223,0.9109766637856526,103.0
weighted avg,0.913030539746308,0.912621359223301,0.9127388374688473,103.0
