{
  "file": "stacking_inference",
  "total_inference": 103,
  "matched": 103,
  "unmatched_inference": 0,
  "missing_manual": 0,
  "accuracy": 0.912621359223301,
  "precision": 0.8888888888888888,
  "recall": 0.9090909090909091,
  "f1": 0.898876404494382,
  "roc_auc": 0.960708782742681,
  "average_precision": 0.8968466697707128
}