{
  "file": "stacking_inference",
  "total_inference": 151,
  "matched": 151,
  "unmatched_inference": 0,
  "missing_manual": 0,
  "accuracy": 0.7086092715231788,
  "precision": 0.6060606060606061,
  "recall": 0.9230769230769231,
  "f1": 0.7317073170731707,
  "roc_auc": 0.7930232558139535,
  "average_precision": 0.6686222030777433
}