,precision,recall,f1-score,support
0,0.9038461538461539,0.5465116279069767,0.6811594202898551,86.0
1,0.6060606060606061,0.9230769230769231,0.7317073170731707,65.0
accuracy,0.7086092715231788,0.7086092715231788,0.7086092715231788,0.7086092715231788
macro avg,0.75495337995338,0.7347942754919499,0.706433368681513,151.0
weighted avg,0.775660322017938,0.7086092715231788,0.7029184487065141,151.0
