{
  "threshold": 0.3,
  "accuracy": 0.7885906040268457,
  "precision_pos": 0.7246376811594203,
  "recall_pos": 0.8,
  "f1_pos": 0.7604562737642585,
  "macro_f1": 0.7856335422875347,
  "pr_auc": 0.8701142898629922,
  "roc_auc": 0.8723699421965319,
  "confusion_matrix": [
    [
      135,
      38
    ],
    [
      25,
      100
    ]
  ],
  "best_threshold": 0.3
}