{
  "accuracy_mean": 0.8023163841807909,
  "accuracy_std": 0.04894409987955529,
  "precision_pos_mean": 0.8476479076479077,
  "precision_pos_std": 0.04648287310676077,
  "recall_pos_mean": 0.64,
  "recall_pos_std": 0.11027239001672177,
  "f1_pos_mean": 0.7255820720046351,
  "f1_pos_std": 0.0883700437518381,
  "macro_f1_mean": 0.7851795106009665,
  "macro_f1_std": 0.06018851125539063,
  "pr_auc_mean": 0.8750579175107507,
  "pr_auc_std": 0.02712503412960609,
  "roc_auc_mean": 0.8802016806722689,
  "roc_auc_std": 0.02625141651159407
}