{
  "threshold": 0.54,
  "accuracy": 0.8333333333333334,
  "precision_pos": 0.8947368421052632,
  "recall_pos": 0.68,
  "f1_pos": 0.7727272727272727,
  "macro_f1": 0.8205741626794258,
  "pr_auc": 0.8713413114150139,
  "roc_auc": 0.8662142857142857,
  "confusion_matrix": [
    [
      132,
      8
    ],
    [
      32,
      68
    ]
  ],
  "best_threshold": 0.54
}