{
  "threshold": 0.32,
  "accuracy": 0.8125,
  "precision_pos": 0.7350427350427351,
  "recall_pos": 0.86,
  "f1_pos": 0.7926267281105991,
  "macro_f1": 0.8107620332568204,
  "pr_auc": 0.8918706153645698,
  "roc_auc": 0.8957857142857143,
  "confusion_matrix": [
    [
      109,
      31
    ],
    [
      14,
      86
    ]
  ],
  "best_threshold": 0.32
}