{
  "importance_gain": [
    15.766032069921494,
    21.22566021978855,
    16.875592052936554,
    19.170218364335597,
    6.939333815127611,
    18.93528950214386,
    17.808473944664,
    10.024943709373474,
    8.482210882008076,
    1.4979070127010345,
    3.9675239138305187,
    31.892312467098236,
    25.64147800207138,
    4.723561078310013,
    2.8168299198150635,
    11.692523956298828,
    46.262974470853806,
    4.5368799567222595,
    9.113045811653137,
    7.3975909650325775,
    58.09869426488876,
    1.4050229787826538,
    1.7602589428424835,
    9.26989683508873,
    1.1844799518585205,
    44.94398635625839,
    4.736277185380459,
    18.00768107175827,
    59.07876691222191,
    3.1542349755764008,
    4.783501923084259,
    17.544419944286346,
    10.527695953845978,
    2.3743540048599243,
    1.6646533831954002,
    31.514258205890656,
    76.35726349055767,
    9.224720001220703,
    6.447583854198456,
    19.65752586722374,
    5.667794391512871,
    16.40755593776703,
    8.426479291170835,
    5.554637998342514,
    53.15096940845251,
    11.547481328248978,
    47.358071476221085,
    5.76615697145462,
    18.882623314857483,
    8.316929072141647,
    13.840315163135529,
    9.646928817033768,
    18.565613090991974,
    17.98404986783862,
    15.168934941291809,
    0.2368129938840866,
    106.01798692345619,
    5.591528836637735,
    30.314225673675537,
    3.682598054409027,
    6.285218179225922,
    11.009850949048996,
    6.468446910381317,
    0.6105909943580627,
    1.640720009803772,
    0.5324050188064575,
    42.740480184555054,
    10.416771985590458,
    1.5434999531134963,
    34.27502000331879,
    6.815706789493561,
    21.914206013083458,
    9.74594886507839,
    9.400273859500885,
    23.590581238269806,
    9.680900871753693,
    37.55593013763428,
    33.83333659172058,
    10.947595968842506,
    0.27592599391937256,
    12.880668878555298,
    26.598025918006897,
    0.0,
    36.111629880964756,
    5.952720273286104,
    18.68737642467022,
    6.393886003643274,
    9.977854892611504,
    9.801925632171333,
    10.638669848442078,
    11.798813819885254,
    1.3327510356903076,
    15.288917645812035,
    16.846322059631348,
    26.915619909763336,
    0.0,
    0.0,
    0.8312240242958069,
    1.9730600118637085,
    447.64226654171944
  ],
  "selected_original_indices": [
    10,
    15,
    28,
    44,
    80,
    85,
    98,
    114,
    120,
    126,
    132,
    157,
    158,
    173,
    176,
    179,
    201,
    236,
    237,
    268,
    282,
    297,
    299,
    300,
    304,
    306,
    330,
    333,
    336,
    350,
    373,
    375,
    378,
    387,
    392,
    400,
    409,
    410,
    415,
    425,
    443,
    449,
    457,
    458,
    465,
    468,
    471,
    483,
    487,
    494,
    505,
    522,
    530,
    534,
    536,
    585,
    595,
    604,
    622,
    642,
    648,
    650,
    659,
    660,
    690,
    698,
    701,
    721,
    724,
    728,
    730,
    733,
    744,
    763,
    790,
    797,
    814,
    815,
    817,
    826,
    838,
    851,
    867,
    884,
    927,
    930,
    944,
    953,
    966,
    978,
    997,
    1013,
    1017,
    1024,
    1025,
    1028,
    1029,
    1030,
    1031,
    1036
  ]
}