{
  "importance_gain": [
    4.668795889709145,
    14.445299251005054,
    5.599590367637575,
    23.00960217183456,
    6.282108106766827,
    40.86664729821496,
    8.346159603446722,
    13.525880879024044,
    9.325676617445424,
    6.4414044679142535,
    25.199660397600383,
    7.827062607917469,
    4.512055565835908,
    4.10577933373861,
    18.39158970490098,
    47.7992153018713,
    20.27340605860809,
    15.041752194054425,
    16.180292010307312,
    3.9756580218672752,
    1.985587665811181,
    16.71895867306739,
    20.131525456083182,
    11.449183923192322,
    25.882646480575204,
    10.042793958680704,
    12.99132575839758,
    36.14825906790793,
    1.5864507155492902,
    16.41537647182122,
    27.376848415937275,
    3.6350396629422903,
    12.14554193848744,
    26.84306404669769,
    16.11572959087789,
    25.342528318287805,
    12.260848127305508,
    15.78424525493756,
    31.213510090485215,
    52.90302348136902,
    25.57204032310983,
    31.373241085821064,
    7.328915066085756,
    12.236482184904162,
    6.8418397437781096,
    37.06321456562728,
    20.832603238523006,
    10.317734519951046,
    11.716757862828672,
    5.674895998090506,
    33.61079127062112,
    32.711612086743116,
    31.582988334819674,
    25.20170775987208,
    30.697696965187788,
    70.75381326675415,
    63.10311407124391,
    1.029958687722683,
    3.3991516157984734,
    5.671218416187912,
    17.22523563914001,
    39.841165124904364,
    8.378957830369473,
    9.64855919778347,
    15.025062123982934,
    39.40754870767705,
    8.074425585567951,
    61.37682183086872,
    27.612402285449207,
    1.923953339457512,
    6.599105169996619,
    29.304236775264144,
    6.20034925499931,
    3.03653060272336,
    12.543054331094027,
    68.38251733034849,
    1.5892430779058486,
    13.069916557520628,
    4.27587008808041,
    6.487136154784821,
    2.595864400267601,
    130.43304865132086,
    4.511917411349714,
    5.863910195417702,
    20.0798634942621,
    7.756064731627703,
    22.574781730771065,
    15.876186409965158,
    100.9042452480644,
    35.28649976849556,
    0.03958979994058609,
    0.2548069953918457,
    0.0,
    17.21028232574463,
    3.3114780485630035,
    0.0,
    0.0,
    383.96561328321695,
    2.4793794693541713,
    0.0
  ],
  "selected_original_indices": [
    11,
    13,
    48,
    61,
    66,
    67,
    69,
    87,
    91,
    95,
    98,
    106,
    114,
    117,
    135,
    143,
    159,
    172,
    183,
    200,
    209,
    211,
    223,
    236,
    237,
    240,
    262,
    271,
    289,
    297,
    300,
    304,
    372,
    387,
    403,
    410,
    449,
    451,
    458,
    464,
    487,
    537,
    544,
    575,
    582,
    590,
    591,
    597,
    601,
    621,
    635,
    638,
    642,
    685,
    697,
    701,
    744,
    761,
    762,
    770,
    772,
    790,
    801,
    802,
    810,
    814,
    816,
    817,
    829,
    844,
    848,
    849,
    853,
    887,
    899,
    907,
    912,
    914,
    927,
    946,
    962,
    968,
    972,
    988,
    992,
    1007,
    1015,
    1017,
    1024,
    1025,
    1027,
    1028,
    1029,
    1030,
    1031,
    1034,
    1035,
    1036,
    1041,
    1050
  ]
}