{
  "accuracy_mean": 0.7920903954802261,
  "accuracy_std": 0.030061063329296617,
  "precision_pos_mean": 0.7943040473383723,
  "precision_pos_std": 0.0247124216293743,
  "recall_pos_mean": 0.6799999999999999,
  "recall_pos_std": 0.0839047078536121,
  "f1_pos_mean": 0.7301210171982067,
  "f1_pos_std": 0.05391184602077322,
  "macro_f1_mean": 0.7801576702270763,
  "macro_f1_std": 0.036145449968235564,
  "pr_auc_mean": 0.8544132558131302,
  "pr_auc_std": 0.0432731404034241,
  "roc_auc_mean": 0.8578957983193277,
  "roc_auc_std": 0.03523534185624278
}