{
  "accuracy_mean": 0.7919774011299435,
  "accuracy_std": 0.0440911860281778,
  "precision_pos_mean": 0.8172294372294372,
  "precision_pos_std": 0.044463236970721194,
  "recall_pos_mean": 0.648,
  "recall_pos_std": 0.10552724766618336,
  "f1_pos_mean": 0.7185189402025665,
  "f1_pos_std": 0.0814649522619193,
  "macro_f1_mean": 0.7762527826626711,
  "macro_f1_std": 0.05465424518151401,
  "pr_auc_mean": 0.8415803261767316,
  "pr_auc_std": 0.017223538587353183,
  "roc_auc_mean": 0.84549243697479,
  "roc_auc_std": 0.012779575541480546
}