{
  "threshold": 0.37000000000000005,
  "accuracy": 0.7684563758389261,
  "precision_pos": 0.6917808219178082,
  "recall_pos": 0.808,
  "f1_pos": 0.7453874538745388,
  "macro_f1": 0.7665398807834232,
  "pr_auc": 0.7571767619937527,
  "roc_auc": 0.8360231213872833,
  "confusion_matrix": [
    [
      128,
      45
    ],
    [
      24,
      101
    ]
  ],
  "best_threshold": 0.37000000000000005
}