{
  "importance_gain": [
    0.18277700245380402,
    9.636786758899689,
    64.46866631507874,
    7.825514018535614,
    67.21808052062988,
    16.47846781462431,
    0.41122850868850946,
    37.297361329197884,
    28.12131977081299,
    0.24665099382400513,
    7.971369981765747,
    8.696746230125427,
    0.12898099422454834,
    8.064200162887573,
    18.732589602470398,
    36.130189657211304,
    4.3218899965286255,
    5.241200089454651,
    0.0,
    38.25390996038914,
    3.9386000633239746,
    2.7681000232696533,
    1.5942449867725372,
    0.0,
    4.487084060907364,
    15.194640278816223,
    9.476182997226715,
    42.309654712677,
    12.300307095050812,
    0.5866190195083618,
    10.522587805986404,
    10.906350135803223,
    14.651893019676208,
    84.45632128417492,
    8.6905198097229,
    15.978780031204224,
    28.555669337511063,
    15.296204254031181,
    20.391416057944298,
    90.55585074424744,
    7.229056000709534,
    6.931100010871887,
    33.841739654541016,
    4.663180112838745,
    37.8780435025692,
    34.24767975136638,
    4.993210077285767,
    1.3544989824295044,
    63.27639901638031,
    6.8134400844573975,
    0.7459660172462463,
    66.1056604385376,
    2.9387479722499847,
    76.78380048274994,
    10.582809686660767,
    0.9951120018959045,
    4.222309947013855,
    1.053689956665039,
    40.868799924850464,
    1.6038296092301607,
    8.446292698383331,
    3.151870012283325,
    4.137770175933838,
    4.088289052248001,
    64.17506980895996,
    1.8666920214891434,
    2.0703999996185303,
    20.96171998977661,
    2.477914035320282,
    3.6686669290065765,
    19.657670080661774,
    0.9884939789772034,
    2.9215689301490784,
    4.23296195268631,
    3.85990110039711,
    35.51899695396423,
    11.156909942626953,
    19.11268985271454,
    35.866000175476074,
    8.469370126724243,
    6.757611095905304,
    0.0,
    1.419972985982895,
    0.0,
    57.92803907394409,
    6.806659936904907,
    1.5256199836730957,
    37.7099404335022,
    11.740339875221252,
    2.5787599086761475,
    9.125779867172241,
    42.06595075130463,
    22.065249919891357,
    11.56486988067627,
    125.91134130954742,
    14.625459671020508,
    13.006259679794312,
    227.87856721878052,
    0.0,
    0.6988499760627747
  ],
  "selected_original_indices": [
    24,
    25,
    59,
    60,
    82,
    85,
    106,
    117,
    118,
    124,
    127,
    135,
    149,
    151,
    189,
    190,
    195,
    208,
    212,
    223,
    263,
    277,
    278,
    288,
    291,
    300,
    311,
    317,
    366,
    374,
    379,
    448,
    455,
    469,
    495,
    498,
    505,
    509,
    510,
    514,
    527,
    532,
    544,
    551,
    553,
    556,
    562,
    568,
    586,
    591,
    600,
    625,
    635,
    638,
    711,
    716,
    718,
    760,
    827,
    885,
    892,
    895,
    903,
    917,
    934,
    958,
    963,
    976,
    985,
    992,
    1034,
    1045,
    1046,
    1054,
    1056,
    1079,
    1223,
    1273,
    1277,
    1278,
    1295,
    1300,
    1312,
    1330,
    1336,
    1354,
    1368,
    1380,
    1393,
    1397,
    1485,
    1486,
    1536,
    1537,
    1538,
    1539,
    1540,
    1541,
    1542,
    1545
  ]
}