{
  "accuracy_mean": 0.7453107344632767,
  "accuracy_std": 0.04860254663431278,
  "precision_pos_mean": 0.7253820148749155,
  "precision_pos_std": 0.04943348351177477,
  "recall_pos_mean": 0.632,
  "recall_pos_std": 0.13948476619330158,
  "f1_pos_mean": 0.6679825166781688,
  "f1_pos_std": 0.0871258812563638,
  "macro_f1_mean": 0.7294963080720753,
  "macro_f1_std": 0.05760596139579744,
  "pr_auc_mean": 0.7742016177466587,
  "pr_auc_std": 0.04742909874593675,
  "roc_auc_mean": 0.8369210084033615,
  "roc_auc_std": 0.0260148836498568
}