{
  "threshold": 0.22,
  "accuracy": 0.6583333333333333,
  "precision_pos": 0.5555555555555556,
  "recall_pos": 0.9,
  "f1_pos": 0.6870229007633588,
  "macro_f1": 0.6554380558862666,
  "pr_auc": 0.7294089079537791,
  "roc_auc": 0.7736428571428572,
  "confusion_matrix": [
    [
      68,
      72
    ],
    [
      10,
      90
    ]
  ],
  "best_threshold": 0.22
}