{
  "accuracy_mean": 0.7081920903954801,
  "accuracy_std": 0.023297122419985796,
  "precision_pos_mean": 0.7063524195103142,
  "precision_pos_std": 0.05116202972339233,
  "recall_pos_mean": 0.536,
  "recall_pos_std": 0.11199999999999999,
  "f1_pos_mean": 0.6003235587875875,
  "f1_pos_std": 0.06302544175425501,
  "macro_f1_mean": 0.6839111366014957,
  "macro_f1_std": 0.03289190816814606,
  "pr_auc_mean": 0.7549255532751153,
  "pr_auc_std": 0.020209410049045765,
  "roc_auc_mean": 0.7872470588235293,
  "roc_auc_std": 0.027782439653685154
}