{
  "threshold": 0.38000000000000006,
  "accuracy": 0.8666666666666667,
  "precision_pos": 0.8333333333333334,
  "recall_pos": 0.85,
  "f1_pos": 0.8415841584158416,
  "macro_f1": 0.8632381223733885,
  "pr_auc": 0.9076941447193024,
  "roc_auc": 0.9245714285714286,
  "confusion_matrix": [
    [
      123,
      17
    ],
    [
      15,
      85
    ]
  ],
  "best_threshold": 0.38000000000000006
}