{
  "threshold": 0.37000000000000005,
  "accuracy": 0.8541666666666666,
  "precision_pos": 0.782608695652174,
  "recall_pos": 0.9,
  "f1_pos": 0.8372093023255814,
  "macro_f1": 0.8525669153137341,
  "pr_auc": 0.8988525552271082,
  "roc_auc": 0.9211428571428572,
  "confusion_matrix": [
    [
      115,
      25
    ],
    [
      10,
      90
    ]
  ],
  "best_threshold": 0.37000000000000005
}