{
  "threshold": 0.37,
  "accuracy": 0.8458333333333333,
  "precision_pos": 0.7837837837837838,
  "recall_pos": 0.87,
  "f1_pos": 0.8246445497630331,
  "macro_f1": 0.8435490406807731,
  "pr_auc": 0.8918359263308016,
  "roc_auc": 0.9145714285714286,
  "confusion_matrix": [
    [
      116,
      24
    ],
    [
      13,
      87
    ]
  ],
  "best_threshold": 0.37
}