{
  "threshold": 0.32,
  "accuracy": 0.7818791946308725,
  "precision_pos": 0.6948051948051948,
  "recall_pos": 0.856,
  "f1_pos": 0.7670250896057348,
  "macro_f1": 0.7809888854968737,
  "pr_auc": 0.8812256853565923,
  "roc_auc": 0.8958612716763006,
  "confusion_matrix": [
    [
      126,
      47
    ],
    [
      18,
      107
    ]
  ],
  "best_threshold": 0.32
}