{
  "accuracy_mean": 0.7889830508474576,
  "accuracy_std": 0.06195862597951554,
  "precision_pos_mean": 0.8225733305596007,
  "precision_pos_std": 0.07758810716892364,
  "recall_pos_mean": 0.64,
  "recall_pos_std": 0.157987341265052,
  "f1_pos_mean": 0.7070707070707072,
  "f1_pos_std": 0.11258707476048097,
  "macro_f1_mean": 0.7700024035132395,
  "macro_f1_std": 0.07573894390398435,
  "pr_auc_mean": 0.8822300108628026,
  "pr_auc_std": 0.043388527345780824,
  "roc_auc_mean": 0.8947764705882353,
  "roc_auc_std": 0.03982176007389796
}