{
  "accuracy_mean": 0.8090395480225989,
  "accuracy_std": 0.04445397931492653,
  "precision_pos_mean": 0.8814407814407815,
  "precision_pos_std": 0.03236551583541013,
  "recall_pos_mean": 0.632,
  "recall_pos_std": 0.13481839637082177,
  "f1_pos_mean": 0.7267126192797297,
  "f1_pos_std": 0.08905680507229986,
  "macro_f1_mean": 0.789324316731944,
  "macro_f1_std": 0.05766928265075138,
  "pr_auc_mean": 0.8863045142155712,
  "pr_auc_std": 0.037645049867866036,
  "roc_auc_mean": 0.904073949579832,
  "roc_auc_std": 0.03222619301776636
}