{
  "accuracy_mean": 0.8021468926553673,
  "accuracy_std": 0.03501302749300319,
  "precision_pos_mean": 0.8286509257333055,
  "precision_pos_std": 0.0634617868757663,
  "recall_pos_mean": 0.672,
  "recall_pos_std": 0.06881860213634099,
  "f1_pos_mean": 0.739003160824645,
  "f1_pos_std": 0.050230980412247724,
  "macro_f1_mean": 0.789521130786584,
  "macro_f1_std": 0.03797039822545573,
  "pr_auc_mean": 0.8780043026281235,
  "pr_auc_std": 0.036080523077197064,
  "roc_auc_mean": 0.8843899159663865,
  "roc_auc_std": 0.03411891275542724
}