,precision,recall,f1-score,support
0,0.9310344827586207,0.8181818181818182,0.8709677419354839,66.0
1,0.7692307692307693,0.9090909090909091,0.8333333333333334,44.0
accuracy,0.8545454545454545,0.8545454545454545,0.8545454545454545,0.8545454545454545
macro avg,0.850132625994695,0.8636363636363636,0.8521505376344086,110.0
weighted avg,0.86631299734748,0.8545454545454545,0.8559139784946237,110.0
