{
  "file": "stacking_inference",
  "total_inference": 110,
  "matched": 110,
  "unmatched_inference": 0,
  "missing_manual": 0,
  "accuracy": 0.8545454545454545,
  "precision": 0.7413793103448276,
  "recall": 0.9772727272727273,
  "f1": 0.8431372549019608,
  "roc_auc": 0.9366391184573002,
  "average_precision": 0.8589521271925628
}