{
  "file": "stacking_inference",
  "total_inference": 110,
  "matched": 110,
  "unmatched_inference": 0,
  "missing_manual": 0,
  "accuracy": 0.8545454545454545,
  "precision": 0.7692307692307693,
  "recall": 0.9090909090909091,
  "f1": 0.8333333333333334,
  "roc_auc": 0.9280303030303031,
  "average_precision": 0.8438416825286689
}