,precision,recall,f1-score,support
0,0.9807692307692307,0.7727272727272727,0.864406779661017,66.0
1,0.7413793103448276,0.9772727272727273,0.8431372549019608,44.0
accuracy,0.8545454545454545,0.8545454545454545,0.8545454545454545,0.8545454545454545
macro avg,0.8610742705570291,0.875,0.8537720172814889,110.0
weighted avg,0.8850132625994694,0.8545454545454545,0.8558989697573945,110.0
