{
  "file": "early_fusion_inference",
  "total_inference": 151,
  "matched": 151,
  "unmatched_inference": 0,
  "missing_manual": 0,
  "accuracy": 0.6887417218543046,
  "precision": 0.5849056603773585,
  "recall": 0.9538461538461539,
  "f1": 0.7251461988304093,
  "roc_auc": 0.7740608228980321,
  "average_precision": 0.6574991798047981
}