,precision,recall,f1-score,support
0,0.9333333333333333,0.4883720930232558,0.6412213740458015,86.0
1,0.5849056603773585,0.9538461538461539,0.7251461988304093,65.0
accuracy,0.6887417218543046,0.6887417218543046,0.6887417218543046,0.6887417218543046
macro avg,0.7591194968553459,0.7211091234347049,0.6831837864381054,151.0
weighted avg,0.7833479111999666,0.6887417218543046,0.6773479542510963,151.0
