,precision,recall,f1-score,support
0,0.88,0.5116279069767442,0.6470588235294118,86.0
1,0.5841584158415841,0.9076923076923077,0.7108433734939759,65.0
accuracy,0.6821192052980133,0.6821192052980133,0.6821192052980133,0.6821192052980133
macro avg,0.7320792079207921,0.7096601073345259,0.6789510985116938,151.0
weighted avg,0.7526509737066422,0.6821192052980133,0.6745157490108465,151.0
