{
  "threshold": 0.31,
  "accuracy": 0.7919463087248322,
  "precision_pos": 0.7142857142857143,
  "recall_pos": 0.84,
  "f1_pos": 0.7720588235294118,
  "macro_f1": 0.7903503994190269,
  "pr_auc": 0.8734036892194469,
  "roc_auc": 0.8882774566473989,
  "confusion_matrix": [
    [
      131,
      42
    ],
    [
      20,
      105
    ]
  ],
  "best_threshold": 0.31
}