{
  "accuracy_mean": 0.7889265536723163,
  "accuracy_std": 0.04677863750620262,
  "precision_pos_mean": 0.8053232998885174,
  "precision_pos_std": 0.05880211531568562,
  "recall_pos_mean": 0.664,
  "recall_pos_std": 0.1352922762023021,
  "f1_pos_mean": 0.7176292793739283,
  "f1_pos_std": 0.08721153243707659,
  "macro_f1_mean": 0.7734460852421832,
  "macro_f1_std": 0.05746768181245099,
  "pr_auc_mean": 0.8814907564943553,
  "pr_auc_std": 0.034975641121235454,
  "roc_auc_mean": 0.892383193277311,
  "roc_auc_std": 0.031051114762360964
}