file,total_inference,matched,unmatched_inference,missing_manual,accuracy,precision,recall,f1,roc_auc,average_precision
early_fusion_inference,110,110,0,0,0.8545454545454545,0.78,0.8863636363636364,0.8297872340425532,0.9380165289256198,0.8704362375302961
max_voting_inference,110,110,0,0,0.8363636363636363,0.7166666666666667,0.9772727272727273,0.8269230769230769,0.9183884297520661,0.8704274893678852
soft_voting_inference,110,110,0,0,0.8636363636363636,0.7543859649122807,0.9772727272727273,0.8514851485148515,0.9300964187327824,0.8457844263966813
stacking_inference,110,110,0,0,0.8545454545454545,0.7413793103448276,0.9772727272727273,0.8431372549019608,0.9366391184573002,0.8589521271925628
