file,total_inference,matched,unmatched_inference,missing_manual,accuracy,precision,recall,f1,roc_auc,average_precision
early_fusion_inference,110,110,0,0,0.8363636363636363,0.7166666666666667,0.9772727272727273,0.8269230769230769,0.9345730027548209,0.8823160295862669
max_voting_inference,110,110,0,0,0.8272727272727273,0.7049180327868853,0.9772727272727273,0.819047619047619,0.9115013774104683,0.8325027295673457
soft_voting_inference,110,110,0,0,0.8454545454545455,0.7288135593220338,0.9772727272727273,0.8349514563106796,0.9252754820936638,0.8403100834375541
stacking_inference,110,110,0,0,0.8272727272727273,0.7049180327868853,0.9772727272727273,0.819047619047619,0.9335399449035813,0.8569622150380639
