{
  "accuracy_mean": 0.8123728813559321,
  "accuracy_std": 0.05232699920375853,
  "precision_pos_mean": 0.8568938686585745,
  "precision_pos_std": 0.05504636135056171,
  "recall_pos_mean": 0.6639999999999999,
  "recall_pos_std": 0.14444376068214232,
  "f1_pos_mean": 0.7395696989225807,
  "f1_pos_std": 0.0972158431942975,
  "macro_f1_mean": 0.7957778541209615,
  "macro_f1_std": 0.06499064610224954,
  "pr_auc_mean": 0.8494526962966816,
  "pr_auc_std": 0.05112062474621917,
  "roc_auc_mean": 0.852363025210084,
  "roc_auc_std": 0.04531148492284737
}