{
  "threshold": 0.31,
  "accuracy": 0.7181208053691275,
  "precision_pos": 0.6273291925465838,
  "recall_pos": 0.808,
  "f1_pos": 0.7062937062937062,
  "macro_f1": 0.7176629821791112,
  "pr_auc": 0.7487208899665373,
  "roc_auc": 0.814242774566474,
  "confusion_matrix": [
    [
      113,
      60
    ],
    [
      24,
      101
    ]
  ],
  "best_threshold": 0.31
}